0.0657826,1.00176,0.0657826,1.00176,0.0177295,-0.0177295,-0.000849697,-0.00790311,
0.142751,0.681548,0.142751,0.681548,0.0282957,-0.0282957,-0.000474705,0.0260627,
0.165131,0.00706185,0.165131,0.00706185,0.0286297,-0.0286297,0.00368404,0.0793836,
0.142046,-0.355004,0.142046,-0.355004,0.0219115,-0.0219115,0.0119949,0.127174,
0.101671,-0.441001,0.101671,-0.441001,0.0121573,-0.0121573,0.0235779,0.161601,
0.0606277,-0.409067,0.0606277,-0.409067,0.00237361,-0.00237361,0.0373381,0.182951,
0.025278,-0.337999,0.025278,-0.337999,-0.00572264,0.00572264,0.0523092,0.193262,
-0.00235122,-0.255231,-0.00235122,-0.255231,-0.0114536,0.0114536,0.0677073,0.194834,
-0.0219986,-0.174212,-0.0219986,-0.174212,-0.0148219,0.0148219,0.0829385,0.190032,
-0.0344177,-0.103811,-0.0344177,-0.103811,-0.0161986,0.0161986,0.0975939,0.181077,
-0.0409351,-0.0484149,-0.0409351,-0.0484149,-0.0160976,0.0160976,0.111427,0.169827,
-0.0430572,-0.00860743,-0.0430572,-0.00860743,-0.0150338,0.0150338,0.12432,0.157688,
-0.0421976,0.0173058,-0.0421976,0.0173058,-0.0134476,0.0134476,0.136249,0.14563,
-0.0395392,0.0320086,-0.0395392,0.0320086,-0.0116744,0.0116744,0.147248,0.134254,
-0.035989,0.0383881,-0.035989,0.0383881,-0.00994293,0.00994293,0.157388,0.123872,
-0.0321869,0.0391023,-0.0321869,0.0391023,-0.0083896,0.0083896,0.166753,0.114591,
-0.0285416,0.0363639,-0.0285416,0.0363639,-0.00707858,0.00707858,0.175432,0.106385,
-0.0252796,0.0318664,-0.0252796,0.0318664,-0.00602327,0.00602327,0.183505,0.0991493,
-0.0224949,0.0268018,-0.0224949,0.0268018,-0.00520507,0.00520507,0.191044,0.0927459,
-0.020193,0.0219306,-0.020193,0.0219306,-0.00458842,0.00458842,0.198109,0.0870304,
-0.0183271,0.0176742,-0.0183271,0.0176742,-0.00413164,0.00413164,0.204747,0.0818705,
-0.0168258,0.0142074,-0.0168258,0.0142074,-0.00379412,0.00379412,0.210998,0.0771541,
-0.015611,0.0115422,-0.015611,0.0115422,-0.00354034,0.00354034,0.216894,0.0727926,
-0.0146098,0.0095944,-0.0146098,0.0095944,-0.00334173,0.00334173,0.222459,0.0687195,
-0.0137606,0.00823445,-0.0137606,0.00823445,-0.00317688,0.00317688,0.227713,0.0648875,
-0.013015,0.00732139,-0.013015,0.00732139,-0.00303091,0.00303091,0.232674,0.0612642,
-0.012338,0.00672429,-0.012338,0.00672429,-0.00289431,0.00289431,0.237357,0.0578287,
-0.0117059,0.00633332,-0.0117059,0.00633332,-0.00276169,0.00276169,0.241778,0.0545674,
-0.0111041,0.0060636,-0.0111041,0.0060636,-0.00263054,0.00263054,0.245948,0.0514718,
-0.0105246,0.00585453,-0.0105246,0.00585453,-0.00250025,0.00250025,0.249881,0.0485356,
-0.00996425,0.00566651,-0.00996425,0.00566651,-0.00237129,0.00237129,0.253589,0.0457539,
-0.00942241,0.00547658,-0.00942241,0.00547658,-0.00224462,0.00224462,0.257084,0.0431221,
-0.00889998,0.00527391,-0.00889998,0.00527391,-0.00212131,0.00212131,0.260377,0.0406352,
-0.00839838,0.00505583,-0.00839838,0.00505583,-0.00200232,0.00200232,0.263481,0.0382878,
-0.00791899,0.00482451,-0.00791899,0.00482451,-0.0018884,0.0018884,0.266405,0.0360739,
-0.0074628,0.00458455,-0.0074628,0.00458455,-0.00178003,0.00178003,0.26916,0.0339874,
-0.00703029,0.00434128,-0.00703029,0.00434128,-0.00167742,0.00167742,0.271756,0.0320217,
-0.00662148,0.00409971,-0.00662148,0.00409971,-0.00158062,0.00158062,0.274201,0.0301703,
-0.00623591,0.00386398,-0.00623591,0.00386398,-0.00148949,0.00148949,0.276506,0.0284268,
-0.00587282,0.00363712,-0.00587282,0.00363712,-0.00140382,0.00140382,0.278677,0.0267849,
-0.0055312,0.00342115,-0.0055312,0.00342115,-0.00132331,0.00132331,0.280722,0.0252385,
-0.00520993,0.0032171,-0.00520993,0.0032171,-0.00124764,0.00124764,0.28265,0.0237821,
-0.00490781,0.00302533,-0.00490781,0.00302533,-0.00117648,0.00117648,0.284466,0.0224101,
-0.00462366,0.00284565,-0.00462366,0.00284565,-0.00110954,0.00110954,0.286178,0.0211177,
-0.00435633,0.00267753,-0.00435633,0.00267753,-0.00104652,0.00104652,0.287791,0.0199,
-0.00410473,0.00252026,-0.00410473,0.00252026,-0.000987147,0.000987147,0.289311,0.0187526,
-0.00386786,0.00237305,-0.00386786,0.00237305,-0.000931185,0.000931185,0.290743,0.0176714,
-0.00364477,0.00223511,-0.00364477,0.00223511,-0.000878416,0.000878416,0.292093,0.0166526,
-0.00343463,0.00210568,-0.00343463,0.00210568,-0.000828643,0.000828643,0.293365,0.0156926,
-0.00323663,0.00198409,-0.00323663,0.00198409,-0.000781685,0.000781685,0.294563,0.0147878,
-0.00305004,0.00186973,-0.00305004,0.00186973,-0.00073738,0.00073738,0.295693,0.0139352,
-0.00287421,0.00176207,-0.00287421,0.00176207,-0.000695575,0.000695575,0.296757,0.0131318,
-0.0027085,0.00166066,-0.0027085,0.00166066,-0.000656129,0.000656129,0.29776,0.0123747,
-0.00255232,0.00156508,-0.00255232,0.00156508,-0.00061891,0.00061891,0.298705,0.0116612,
-0.00240514,0.00147498,-0.00240514,0.00147498,-0.000583795,0.000583795,0.299596,0.0109889,
-0.00226643,0.00139003,-0.00226643,0.00139003,-0.000550667,0.000550667,0.300435,0.0103553,
-0.00213571,0.00130993,-0.00213571,0.00130993,-0.000519414,0.000519414,0.301226,0.0097583,
-0.00201252,0.00123442,-0.00201252,0.00123442,-0.000489931,0.000489931,0.301972,0.0091957,
-0.00189644,0.00116323,-0.00189644,0.00116323,-0.00046212,0.00046212,0.302674,0.00866556,
-0.00178706,0.00109613,-0.00178706,0.00109613,-0.000435886,0.000435886,0.303336,0.00816599,
-0.00168398,0.00103289,-0.00168398,0.00103289,-0.000411141,0.000411141,0.30396,0.00769523,
-0.00158685,0.00097329,-0.00158685,0.00097329,-0.000387799,0.000387799,0.304547,0.00725162,
-0.00149533,0.000917125,-0.00149533,0.000917125,-0.000365782,0.000365782,0.305101,0.0068336,
-0.00140909,0.0008642,-0.00140909,0.0008642,-0.000345014,0.000345014,0.305623,0.00643968,
-0.00132783,0.000814331,-0.00132783,0.000814331,-0.000325425,0.000325425,0.306115,0.00606848,
-0.00125125,0.000767342,-0.00125125,0.000767342,-0.000306948,0.000306948,0.306579,0.00571868,
-0.00117909,0.000723067,-0.00117909,0.000723067,-0.000289519,0.000289519,0.307015,0.00538906,
-0.0011111,0.00068135,-0.0011111,0.00068135,-0.000273079,0.000273079,0.307427,0.00507844,
-0.00104703,0.000642041,-0.00104703,0.000642041,-0.000257572,0.000257572,0.307815,0.00478573,
-0.000986653,0.000605003,-0.000986653,0.000605003,-0.000242945,0.000242945,0.30818,0.0045099,
-0.000929761,0.000570103,-0.000929761,0.000570103,-0.000229148,0.000229148,0.308525,0.00424997,
-0.000876151,0.000537217,-0.000876151,0.000537217,-0.000216134,0.000216134,0.30885,0.00400503,
-0.000825634,0.00050623,-0.000825634,0.00050623,-0.000203858,0.000203858,0.309155,0.00377421,
-0.00077803,0.000477031,-0.00077803,0.000477031,-0.000192279,0.000192279,0.309444,0.0035567,
-0.000733171,0.000449517,-0.000733171,0.000449517,-0.000181358,0.000181358,0.309715,0.00335172,
-0.000690901,0.00042359,-0.000690901,0.00042359,-0.000171056,0.000171056,0.309971,0.00315857,
-0.000651068,0.000399159,-0.000651068,0.000399159,-0.000161339,0.000161339,0.310213,0.00297655,
-0.000613532,0.000376138,-0.000613532,0.000376138,-0.000152173,0.000152173,0.31044,0.00280502,
-0.000578161,0.000354445,-0.000578161,0.000354445,-0.000143528,0.000143528,0.310654,0.00264338,
-0.000544831,0.000334004,-0.000544831,0.000334004,-0.000135374,0.000135374,0.310856,0.00249106,
-0.000513422,0.000314741,-0.000513422,0.000314741,-0.000127682,0.000127682,0.311046,0.00234752,
-0.000483825,0.000296591,-0.000483825,0.000296591,-0.000120427,0.000120427,0.311226,0.00221225,
-0.000455934,0.000279487,-0.000455934,0.000279487,-0.000113584,0.000113584,0.311395,0.00208478,
-0.000429652,0.00026337,-0.000429652,0.00026337,-0.00010713,0.00010713,0.311554,0.00196466,
-0.000404886,0.000248182,-0.000404886,0.000248182,-0.000101042,0.000101042,0.311704,0.00185146,
-0.000381547,0.000233871,-0.000381547,0.000233871,-9.52998e-05,9.52998e-05,0.311845,0.00174479,
-0.000359555,0.000220386,-0.000359555,0.000220386,-8.98837e-05,8.98837e-05,0.311979,0.00164426,
-0.00033883,0.000207678,-0.00033883,0.000207678,-8.47752e-05,8.47752e-05,0.312104,0.00154953,
-0.000319301,0.000195703,-0.000319301,0.000195703,-7.99567e-05,7.99567e-05,0.312223,0.00146025,
-0.000300897,0.000184419,-0.000300897,0.000184419,-7.5412e-05,7.5412e-05,0.312334,0.00137613,
-0.000283555,0.000173786,-0.000283555,0.000173786,-7.11253e-05,7.11253e-05,0.312439,0.00129685,
-0.000267212,0.000163766,-0.000267212,0.000163766,-6.70822e-05,6.70822e-05,0.312538,0.00122214,
-0.000251812,0.000154324,-0.000251812,0.000154324,-6.32686e-05,6.32686e-05,0.312632,0.00115173,
-0.0002373,0.000145427,-0.0002373,0.000145427,-5.96717e-05,5.96717e-05,0.31272,0.00108538,
-0.000223624,0.000137043,-0.000223624,0.000137043,-5.62792e-05,5.62792e-05,0.312803,0.00102286,
-0.000210737,0.000129142,-0.000210737,0.000129142,-5.30793e-05,5.30793e-05,0.312881,0.000963939,
-0.000198593,0.000121697,-0.000198593,0.000121697,-5.00612e-05,5.00612e-05,0.312954,0.000908413,
-0.000187148,0.000114682,-0.000187148,0.000114682,-4.72146e-05,4.72146e-05,0.313024,0.000856087,
-0.000176364,0.000108071,-0.000176364,0.000108071,-4.45298e-05,4.45298e-05,0.313089,0.000806775,
-0.000166201,0.000101841,-0.000166201,0.000101841,-4.19974e-05,4.19974e-05,0.313151,0.000760305,
-0.000156624,9.59705e-05,-0.000156624,9.59705e-05,-3.9609e-05,3.9609e-05,0.313209,0.000716513,
-0.000147599,9.04385e-05,-0.000147599,9.04385e-05,-3.73563e-05,3.73563e-05,0.313264,0.000675243,
-0.000139095,8.52255e-05,-0.000139095,8.52255e-05,-3.52316e-05,3.52316e-05,0.313315,0.000636352,
-0.00013108,8.03131e-05,-0.00013108,8.03131e-05,-3.32276e-05,3.32276e-05,0.313364,0.000599701,
-0.000123527,7.56839e-05,-0.000123527,7.56839e-05,-3.13375e-05,3.13375e-05,0.31341,0.000565162,
-0.00011641,7.13217e-05,-0.00011641,7.13217e-05,-2.95548e-05,2.95548e-05,0.313453,0.000532613,
-0.000109703,6.7211e-05,-0.000109703,6.7211e-05,-2.78735e-05,2.78735e-05,0.313493,0.000501938,
-0.000103383,6.33372e-05,-0.000103383,6.33372e-05,-2.62877e-05,2.62877e-05,0.313532,0.000473031,
-9.74266e-05,5.96869e-05,-9.74266e-05,5.96869e-05,-2.4792e-05,2.4792e-05,0.313568,0.00044579,
-9.18137e-05,5.6247e-05,-9.18137e-05,5.6247e-05,-2.33814e-05,2.33814e-05,0.313602,0.000420117,
-8.65242e-05,5.30054e-05,-8.65242e-05,5.30054e-05,-2.20509e-05,2.20509e-05,0.313634,0.000395924,
-8.15397e-05,4.99507e-05,-8.15397e-05,4.99507e-05,-2.07961e-05,2.07961e-05,0.313664,0.000373124,
-7.68423e-05,4.70721e-05,-7.68423e-05,4.70721e-05,-1.96126e-05,1.96126e-05,0.313693,0.000351638,
-7.24157e-05,4.43595e-05,-7.24157e-05,4.43595e-05,-1.84964e-05,1.84964e-05,0.31372,0.000331389,
-6.82441e-05,4.18032e-05,-6.82441e-05,4.18032e-05,-1.74437e-05,1.74437e-05,0.313745,0.000312307,
-6.4313e-05,3.93943e-05,-6.4313e-05,3.93943e-05,-1.64508e-05,1.64508e-05,0.313769,0.000294324,
-6.06083e-05,3.71243e-05,-6.06083e-05,3.71243e-05,-1.55144e-05,1.55144e-05,0.313791,0.000277376,
-5.71172e-05,3.49851e-05,-5.71172e-05,3.49851e-05,-1.46312e-05,1.46312e-05,0.313812,0.000261405,
-5.38272e-05,3.29692e-05,-5.38272e-05,3.29692e-05,-1.37982e-05,1.37982e-05,0.313832,0.000246354,
-5.07267e-05,3.10695e-05,-5.07267e-05,3.10695e-05,-1.30126e-05,1.30126e-05,0.313851,0.000232169,
-4.7805e-05,2.92793e-05,-4.7805e-05,2.92793e-05,-1.22717e-05,1.22717e-05,0.313869,0.000218802,
-4.50515e-05,2.75923e-05,-4.50515e-05,2.75923e-05,-1.15729e-05,1.15729e-05,0.313886,0.000206204,
-4.24567e-05,2.60026e-05,-4.24567e-05,2.60026e-05,-1.09139e-05,1.09139e-05,0.313901,0.000194332,
-4.00114e-05,2.45044e-05,-4.00114e-05,2.45044e-05,-1.02923e-05,1.02923e-05,0.313916,0.000183144,
-3.7707e-05,2.30926e-05,-3.7707e-05,2.30926e-05,-9.70613e-06,9.70613e-06,0.31393,0.0001726,
-3.55354e-05,2.17622e-05,-3.55354e-05,2.17622e-05,-9.15328e-06,9.15328e-06,0.313943,0.000162663,
-3.34889e-05,2.05085e-05,-3.34889e-05,2.05085e-05,-8.63188e-06,8.63188e-06,0.313956,0.000153298,
-3.15602e-05,1.9327e-05,-3.15602e-05,1.9327e-05,-8.14014e-06,8.14014e-06,0.313968,0.000144473,
-2.97427e-05,1.82136e-05,-2.97427e-05,1.82136e-05,-7.67638e-06,7.67638e-06,0.313979,0.000136156,
-2.80299e-05,1.71643e-05,-2.80299e-05,1.71643e-05,-7.239e-06,7.239e-06,0.313989,0.000128318,
-2.64157e-05,1.61756e-05,-2.64157e-05,1.61756e-05,-6.82651e-06,6.82651e-06,0.313999,0.000120931,
-2.48946e-05,1.52438e-05,-2.48946e-05,1.52438e-05,-6.43749e-06,6.43749e-06,0.314008,0.00011397,
-2.3461e-05,1.43657e-05,-2.3461e-05,1.43657e-05,-6.07061e-06,6.07061e-06,0.314017,0.000107409,
-2.21101e-05,1.35382e-05,-2.21101e-05,1.35382e-05,-5.72461e-06,5.72461e-06,0.314025,0.000101226,
-2.08369e-05,1.27583e-05,-2.08369e-05,1.27583e-05,-5.3983e-06,5.3983e-06,0.314033,9.53994e-05,
-1.96371e-05,1.20235e-05,-1.96371e-05,1.20235e-05,-5.09056e-06,5.09056e-06,0.31404,8.99081e-05,
-1.85064e-05,1.13309e-05,-1.85064e-05,1.13309e-05,-4.80034e-06,4.80034e-06,0.314047,8.47329e-05,
-1.74408e-05,1.06783e-05,-1.74408e-05,1.06783e-05,-4.52664e-06,4.52664e-06,0.314053,7.98557e-05,
-1.64366e-05,1.00632e-05,-1.64366e-05,1.00632e-05,-4.26851e-06,4.26851e-06,0.314059,7.52593e-05,
-1.54903e-05,9.48365e-06,-1.54903e-05,9.48365e-06,-4.02509e-06,4.02509e-06,0.314065,7.09276e-05,
-1.45984e-05,8.93744e-06,-1.45984e-05,8.93744e-06,-3.79552e-06,3.79552e-06,0.314071,6.68452e-05,
-1.37579e-05,8.42271e-06,-1.37579e-05,8.42271e-06,-3.57902e-06,3.57902e-06,0.314076,6.29979e-05,
-1.29658e-05,7.93763e-06,-1.29658e-05,7.93763e-06,-3.37485e-06,3.37485e-06,0.31408,5.9372e-05,
-1.22194e-05,7.48049e-06,-1.22194e-05,7.48049e-06,-3.18231e-06,3.18231e-06,0.314085,5.59549e-05,
-1.15159e-05,7.04969e-06,-1.15159e-05,7.04969e-06,-3.00073e-06,3.00073e-06,0.314089,5.27345e-05,
-1.08529e-05,6.64371e-06,-1.08529e-05,6.64371e-06,-2.82949e-06,2.82949e-06,0.314093,4.96995e-05,
-1.02281e-05,6.26112e-06,-1.02281e-05,6.26112e-06,-2.66801e-06,2.66801e-06,0.314097,4.68392e-05,
-9.63931e-06,5.90057e-06,-9.63931e-06,5.90057e-06,-2.51572e-06,2.51572e-06,0.314101,4.41436e-05,
-9.0844e-06,5.56078e-06,-9.0844e-06,5.56078e-06,-2.37211e-06,2.37211e-06,0.314104,4.16031e-05,
-8.56145e-06,5.24057e-06,-8.56145e-06,5.24057e-06,-2.23668e-06,2.23668e-06,0.314107,3.92089e-05,
-8.06862e-06,4.93881e-06,-8.06862e-06,4.93881e-06,-2.10896e-06,2.10896e-06,0.31411,3.69525e-05,
-7.60416e-06,4.65442e-06,-7.60416e-06,4.65442e-06,-1.98853e-06,1.98853e-06,0.314113,3.48259e-05,
-7.16644e-06,4.38642e-06,-7.16644e-06,4.38642e-06,-1.87495e-06,1.87495e-06,0.314116,3.28218e-05,
-6.75393e-06,4.13385e-06,-6.75393e-06,4.13385e-06,-1.76785e-06,1.76785e-06,0.314118,3.0933e-05,
-6.36517e-06,3.89583e-06,-6.36517e-06,3.89583e-06,-1.66685e-06,1.66685e-06,0.314121,2.9153e-05,
-5.9988e-06,3.67152e-06,-5.9988e-06,3.67152e-06,-1.57161e-06,1.57161e-06,0.314123,2.74754e-05,
-5.65352e-06,3.46013e-06,-5.65352e-06,3.46013e-06,-1.4818e-06,1.4818e-06,0.314125,2.58943e-05,
-5.32812e-06,3.26092e-06,-5.32812e-06,3.26092e-06,-1.39711e-06,1.39711e-06,0.314127,2.44043e-05,
-5.02145e-06,3.07318e-06,-5.02145e-06,3.07318e-06,-1.31724e-06,1.31724e-06,0.314129,2.3e-05,
-4.73244e-06,2.89625e-06,-4.73244e-06,2.89625e-06,-1.24193e-06,1.24193e-06,0.31413,2.16765e-05,
-4.46006e-06,2.72951e-06,-4.46006e-06,2.72951e-06,-1.17092e-06,1.17092e-06,0.314132,2.04292e-05,
-4.20337e-06,2.57237e-06,-4.20337e-06,2.57237e-06,-1.10395e-06,1.10395e-06,0.314134,1.92537e-05,
-3.96146e-06,2.42428e-06,-3.96146e-06,2.42428e-06,-1.04081e-06,1.04081e-06,0.314135,1.81458e-05,
-3.73347e-06,2.28472e-06,-3.73347e-06,2.28472e-06,-9.81265e-07,9.81265e-07,0.314137,1.71017e-05,
-3.51861e-06,2.1532e-06,-3.51861e-06,2.1532e-06,-9.25118e-07,9.25118e-07,0.314138,1.61177e-05,
-3.31611e-06,2.02925e-06,-3.31611e-06,2.02925e-06,-8.72174e-07,8.72174e-07,0.314139,1.51903e-05,
-3.12528e-06,1.91243e-06,-3.12528e-06,1.91243e-06,-8.22252e-07,8.22252e-07,0.31414,1.43163e-05,
-2.94542e-06,1.80235e-06,-2.94542e-06,1.80235e-06,-7.75178e-07,7.75178e-07,0.314141,1.34926e-05,
-2.77592e-06,1.6986e-06,-2.77592e-06,1.6986e-06,-7.30792e-07,7.30792e-07,0.314142,1.27162e-05,
-2.61618e-06,1.60083e-06,-2.61618e-06,1.60083e-06,-6.88939e-07,6.88939e-07,0.314143,1.19846e-05,
-2.46563e-06,1.50868e-06,-2.46563e-06,1.50868e-06,-6.49475e-07,6.49475e-07,0.314144,1.1295e-05,
-2.32375e-06,1.42184e-06,-2.32375e-06,1.42184e-06,-6.12264e-07,6.12264e-07,0.314145,1.06452e-05,
-2.19003e-06,1.34001e-06,-2.19003e-06,1.34001e-06,-5.77179e-07,5.77179e-07,0.314146,1.00327e-05,
-2.06401e-06,1.26288e-06,-2.06401e-06,1.26288e-06,-5.44097e-07,5.44097e-07,0.314147,9.45545e-06,
-1.94525e-06,1.19019e-06,-1.94525e-06,1.19019e-06,-5.12905e-07,5.12905e-07,0.314147,8.91143e-06,
-1.83332e-06,1.12169e-06,-1.83332e-06,1.12169e-06,-4.83495e-07,4.83495e-07,0.314148,8.39871e-06,
-1.72783e-06,1.05713e-06,-1.72783e-06,1.05713e-06,-4.55765e-07,4.55765e-07,0.314149,7.91549e-06,
-1.62841e-06,9.96293e-07,-1.62841e-06,9.96293e-07,-4.29619e-07,4.29619e-07,0.314149,7.46008e-06,
-1.53471e-06,9.38955e-07,-1.53471e-06,9.38955e-07,-4.04969e-07,4.04969e-07,0.31415,7.03087e-06,
-1.44641e-06,8.84918e-07,-1.44641e-06,8.84918e-07,-3.81727e-07,3.81727e-07,0.31415,6.62636e-06,
-1.36319e-06,8.33991e-07,-1.36319e-06,8.33991e-07,-3.59814e-07,3.59814e-07,0.314151,6.24512e-06,
-1.28476e-06,7.85996e-07,-1.28476e-06,7.85996e-07,-3.39153e-07,3.39153e-07,0.314151,5.88582e-06,
-1.21084e-06,7.40764e-07,-1.21084e-06,7.40764e-07,-3.19675e-07,3.19675e-07,0.314152,5.54718e-06,
-1.14117e-06,6.98135e-07,-1.14117e-06,6.98135e-07,-3.0131e-07,3.0131e-07,0.314152,5.22803e-06,
-1.07552e-06,6.57961e-07,-1.07552e-06,6.57961e-07,-2.83997e-07,2.83997e-07,0.314153,4.92725e-06,
-1.01364e-06,6.20099e-07,-1.01364e-06,6.20099e-07,-2.67674e-07,2.67674e-07,0.314153,4.64377e-06,
-9.55321e-07,5.84416e-07,-9.55321e-07,5.84416e-07,-2.52285e-07,2.52285e-07,0.314153,4.37659e-06,
-9.0036e-07,5.50787e-07,-9.0036e-07,5.50787e-07,-2.37777e-07,2.37777e-07,0.314154,4.12479e-06,
-8.48561e-07,5.19094e-07,-8.48561e-07,5.19094e-07,-2.24099e-07,2.24099e-07,0.314154,3.88748e-06,
-7.99743e-07,4.89225e-07,-7.99743e-07,4.89225e-07,-2.11205e-07,2.11205e-07,0.314154,3.66381e-06,
-7.53733e-07,4.61075e-07,-7.53733e-07,4.61075e-07,-1.9905e-07,1.9905e-07,0.314155,3.45302e-06,
-3.11637e-07,6.50659e-06,-3.11637e-07,6.50659e-06,-1.45306e-07,1.45306e-07,0.314155,3.20621e-06,
1.19965e-08,1.74218e-06,1.19965e-08,1.74218e-06,-1.06074e-07,1.06074e-07,0.314155,3.24655e-06,
4.39743e-08,-3.66163e-07,4.39743e-08,-3.66163e-07,-7.74337e-08,7.74337e-08,0.314155,3.2894e-06,
1.0616e-08,-3.28684e-07,1.0616e-08,-3.28684e-07,-5.65266e-08,5.65266e-08,0.314156,3.29564e-06,
-2.79556e-09,-4.32818e-08,-2.79556e-09,-4.32818e-08,-4.12644e-08,4.12644e-08,0.314156,3.2915e-06,
-2.15917e-09,3.08859e-08,-2.15917e-09,3.08859e-08,-3.0123e-08,3.0123e-08,0.314156,3.28934e-06,
-2.33425e-10,1.42013e-08,-2.33425e-10,1.42013e-08,-2.19898e-08,2.19898e-08,0.314156,3.28914e-06,
2.16992e-10,-9.51398e-11,2.16992e-10,-9.51398e-11,-1.60526e-08,1.60526e-08,0.314157,3.28925e-06,
9.05557e-11,-1.87882e-09,9.05557e-11,-1.87882e-09,-1.17184e-08,1.17184e-08,0.314157,3.28924e-06,
-3.22143e-12,-5.08024e-10,-3.22143e-12,-5.08024e-10,-8.5544e-09,8.5544e-09,0.314157,3.28916e-06,
-1.27048e-11,1.04359e-10,-1.27048e-11,1.04359e-10,-6.24472e-09,6.24472e-09,0.314158,3.2891e-06,
-3.09901e-12,9.51762e-11,-3.09901e-12,9.51762e-11,-4.55864e-09,4.55864e-09,0.314158,3.28906e-06,
7.98841e-13,1.27508e-11,7.98841e-13,1.27508e-11,-3.32781e-09,3.32781e-09,0.314158,3.28904e-06,
6.25527e-13,-8.88322e-12,6.25527e-13,-8.88322e-12,-2.4293e-09,2.4293e-09,0.314158,3.28902e-06,
6.90669e-14,-4.12392e-12,6.90669e-14,-4.12392e-12,-1.77339e-09,1.77339e-09,0.314159,3.289e-06,
-6.24649e-14,1.64393e-14,-6.24649e-14,1.64393e-14,-1.29457e-09,1.29457e-09,0.314159,3.28899e-06,
-2.63121e-14,5.42495e-13,-2.63121e-14,5.42495e-13,-9.45039e-10,9.45039e-10,0.314159,3.28899e-06,
8.59713e-16,1.48127e-13,8.59713e-16,1.48127e-13,-6.89879e-10,6.89879e-10,0.314159,3.28898e-06,
3.67041e-15,-2.97342e-14,3.67041e-15,-2.97342e-14,-5.03611e-10,5.03611e-10,0.31416,3.28898e-06,
9.04558e-16,-2.75586e-14,9.04558e-16,-2.75586e-14,-3.67636e-10,3.67636e-10,0.31416,3.28898e-06,
-2.28221e-16,-3.75509e-15,-2.28221e-16,-3.75509e-15,-2.68375e-10,2.68375e-10,0.31416,3.28897e-06,
-1.81211e-16,2.5547e-15,-1.81211e-16,2.5547e-15,-1.95913e-10,1.95913e-10,0.31416,3.28897e-06,
-2.04255e-17,1.19748e-15,-2.04255e-17,1.19748e-15,-1.43017e-10,1.43017e-10,0.314161,3.28897e-06,
1.79801e-17,-1.54367e-18,1.79801e-17,-1.54367e-18,-1.04402e-10,1.04402e-10,0.314161,3.28897e-06,
7.64488e-18,-1.56632e-16,7.64488e-18,-1.56632e-16,-7.62136e-11,7.62136e-11,0.314161,3.28897e-06,
-2.27769e-19,-4.31857e-17,-2.27769e-19,-4.31857e-17,-5.5636e-11,5.5636e-11,0.314161,3.28897e-06,
-1.06032e-18,8.4693e-18,-1.06032e-18,8.4693e-18,-4.06142e-11,4.06142e-11,0.314162,3.28897e-06,
-2.63998e-19,7.97933e-18,-2.63998e-19,7.97933e-18,-2.96484e-11,2.96484e-11,0.314162,3.28897e-06,
6.51854e-20,1.1055e-18,6.51854e-20,1.1055e-18,-2.16433e-11,2.16433e-11,0.314162,3.28897e-06,
5.24934e-20,-7.34632e-19,5.24934e-20,-7.34632e-19,-1.57996e-11,1.57996e-11,0.314162,3.28897e-06,
6.03761e-21,-3.47699e-19,6.03761e-21,-3.47699e-19,-1.15337e-11,1.15337e-11,0.314163,3.28897e-06,
-5.17504e-21,-4.84229e-22,-5.17504e-21,-4.84229e-22,-8.41962e-12,8.41962e-12,0.314163,3.28897e-06,
-2.22106e-21,4.52212e-20,-2.22106e-21,4.52212e-20,-6.14633e-12,6.14633e-12,0.314163,3.28897e-06,
5.98208e-23,1.25894e-20,5.98208e-23,1.25894e-20,-4.48682e-12,4.48682e-12,0.314163,3.28897e-06,
3.06294e-22,-2.41157e-21,3.06294e-22,-2.41157e-21,-3.27538e-12,3.27538e-12,0.314164,3.28897e-06,
7.70402e-23,-2.31023e-21,7.70402e-23,-2.31023e-21,-2.39103e-12,2.39103e-12,0.314164,3.28897e-06,
-1.86142e-23,-3.25357e-22,-1.86142e-23,-3.25357e-22,-1.74545e-12,1.74545e-12,0.314164,3.28897e-06,
-1.52056e-23,2.11232e-22,-1.52056e-23,2.11232e-22,-1.27418e-12,1.27418e-12,0.314165,3.28897e-06,
-1.78383e-24,1.00952e-22,-1.78383e-24,1.00952e-22,-9.30149e-13,9.30149e-13,0.314165,3.28897e-06,
1.48936e-24,4.098e-25,1.48936e-24,4.098e-25,-6.79009e-13,6.79009e-13,0.314165,3.28897e-06,
6.45242e-25,-1.30551e-23,6.45242e-25,-1.30551e-23,-4.95677e-13,4.95677e-13,0.314165,3.28897e-06,
-1.55456e-26,-3.66972e-24,-1.55456e-26,-3.66972e-24,-3.61844e-13,3.61844e-13,0.314166,3.28897e-06,
-8.84743e-26,6.8645e-25,-8.84743e-26,6.8645e-25,-2.64146e-13,2.64146e-13,0.314166,3.28897e-06,
-2.24795e-26,6.6884e-25,-2.24795e-26,6.6884e-25,-1.92827e-13,1.92827e-13,0.314166,3.28897e-06,
5.31412e-27,9.57253e-26,5.31412e-27,9.57253e-26,-1.40763e-13,1.40763e-13,0.314166,3.28897e-06,
4.40434e-27,-6.07304e-26,4.40434e-27,-6.07304e-26,-1.02757e-13,1.02757e-13,0.314167,3.28897e-06,
5.26805e-28,-2.93091e-26,5.26805e-28,-2.93091e-26,-7.50128e-14,7.50128e-14,0.314167,3.28897e-06,
-4.28595e-28,-1.96703e-28,-4.28595e-28,-1.96703e-28,-5.47594e-14,5.47594e-14,0.314167,3.28897e-06,
-1.87439e-28,3.76872e-27,-1.87439e-28,3.76872e-27,-3.99743e-14,3.99743e-14,0.314167,3.28897e-06,
3.98701e-30,1.06959e-27,3.98701e-30,1.06959e-27,-2.91813e-14,2.91813e-14,0.314168,3.28897e-06,
2.55548e-29,-1.9533e-28,2.55548e-29,-1.9533e-28,-2.13023e-14,2.13023e-14,0.314168,3.28897e-06,
6.55859e-30,-1.93629e-28,6.55859e-30,-1.93629e-28,-1.55507e-14,1.55507e-14,0.314168,3.28897e-06,
-1.51674e-30,-2.81555e-29,-1.51674e-30,-2.81555e-29,-1.1352e-14,1.1352e-14,0.314168,3.28897e-06,
-1.27567e-30,1.74587e-29,-1.27567e-30,1.74587e-29,-8.28697e-15,8.28697e-15,0.314169,3.28897e-06,
-1.5551e-31,8.50877e-30,-1.5551e-31,8.50877e-30,-6.04949e-15,6.04949e-15,0.314169,3.28897e-06,
1.23327e-31,7.95483e-32,1.23327e-31,7.95483e-32,-4.41613e-15,4.41613e-15,0.314169,3.28897e-06,
5.4447e-32,-1.08788e-30,5.4447e-32,-1.08788e-30,-3.22377e-15,3.22377e-15,0.314169,3.28897e-06,
-1.0055e-33,-3.11721e-31,-1.0055e-33,-3.11721e-31,-2.35335e-15,2.35335e-15,0.31417,3.28897e-06,
-7.38082e-33,5.55616e-32,-7.38082e-33,5.55616e-32,-1.71795e-15,1.71795e-15,0.31417,3.28897e-06,
-1.91332e-33,5.60527e-32,-1.91332e-33,5.60527e-32,-1.2541e-15,1.2541e-15,0.31417,3.28897e-06,
4.32794e-34,8.27891e-33,4.32794e-34,8.27891e-33,-9.15494e-16,9.15494e-16,0.31417,3.28897e-06,
3.69466e-34,-5.01849e-33,3.69466e-34,-5.01849e-33,-6.68311e-16,6.68311e-16,0.314171,3.28897e-06,
4.58866e-35,-2.47006e-33,4.58866e-35,-2.47006e-33,-4.87867e-16,4.87867e-16,0.314171,3.28897e-06,
-3.54841e-35,-2.95732e-35,-3.54841e-35,-2.95732e-35,-3.56143e-16,3.56143e-16,0.314171,3.28897e-06,
-1.58147e-35,3.14013e-34,-1.58147e-35,3.14013e-34,-2.59984e-16,2.59984e-16,0.314172,3.28897e-06,
2.48011e-37,9.08392e-35,2.48011e-37,9.08392e-35,-1.89789e-16,1.89789e-16,0.314172,3.28897e-06,
2.13164e-36,-1.57987e-35,2.13164e-36,-1.57987e-35,-1.38546e-16,1.38546e-16,0.314172,3.28897e-06,
5.58112e-37,-1.62257e-35,5.58112e-37,-1.62257e-35,-1.01138e-16,1.01138e-16,0.314172,3.28897e-06,
-1.23463e-37,-2.43367e-36,-1.23463e-37,-2.43367e-36,-7.3831e-17,7.3831e-17,0.314173,3.28897e-06,
-1.07002e-37,1.44242e-36,-1.07002e-37,1.44242e-36,-5.38966e-17,5.38966e-17,0.314173,3.28897e-06,
-1.35345e-38,7.17008e-37,-1.35345e-38,7.17008e-37,-3.93445e-17,3.93445e-17,0.314173,3.28897e-06,
1.02087e-38,1.04559e-38,1.02087e-38,1.04559e-38,-2.87215e-17,2.87215e-17,0.314173,3.28897e-06,
4.5933e-39,-9.06332e-38,4.5933e-39,-9.06332e-38,-2.09667e-17,2.09667e-17,0.314174,3.28897e-06,
-5.93206e-41,-2.64693e-38,-5.93206e-41,-2.64693e-38,-1.53057e-17,1.53057e-17,0.314174,3.28897e-06,
-6.15602e-40,4.49057e-39,-6.15602e-40,4.49057e-39,-1.11732e-17,1.11732e-17,0.314174,3.28897e-06,
-1.62784e-40,4.69666e-39,-1.62784e-40,4.69666e-39,-8.1564e-18,8.1564e-18,0.314174,3.28897e-06,
3.52106e-41,7.15205e-40,3.52106e-41,7.15205e-40,-5.95417e-18,5.95417e-18,0.314175,3.28897e-06,
3.09875e-41,-4.1454e-40,3.09875e-41,-4.1454e-40,-4.34655e-18,4.34655e-18,0.314175,3.28897e-06,
3.99052e-42,-2.08122e-40,3.99052e-42,-2.08122e-40,-3.17298e-18,3.17298e-18,0.314175,3.28897e-06,
-2.93676e-42,-3.57543e-42,-2.93676e-42,-3.57543e-42,-2.31627e-18,2.31627e-18,0.314175,3.28897e-06,
-1.33402e-42,2.61579e-41,-1.33402e-42,2.61579e-41,-1.69088e-18,1.69088e-18,0.314176,3.28897e-06,
1.35591e-44,7.71213e-42,1.35591e-44,7.71213e-42,-1.23434e-18,1.23434e-18,0.314176,3.28897e-06,
1.77772e-43,-1.27588e-42,1.77772e-43,-1.27588e-42,-9.0107e-19,9.0107e-19,0.314176,3.28897e-06,
4.7474e-44,-1.35942e-42,4.7474e-44,-1.35942e-42,-6.57781e-19,6.57781e-19,0.314176,3.28897e-06,
-1.0039e-44,-2.10128e-43,-1.0039e-44,-2.10128e-43,-4.8018e-19,4.8018e-19,0.314177,3.28897e-06,
-8.9735e-45,1.19123e-43,-8.9735e-45,1.19123e-43,-3.50532e-19,3.50532e-19,0.314177,3.28897e-06,
-1.17614e-45,6.04071e-44,-1.17614e-45,6.04071e-44,-2.55888e-19,2.55888e-19,0.314177,3.28897e-06,
8.44752e-46,1.19385e-45,8.44752e-46,1.19385e-45,-1.86798e-19,1.86798e-19,0.314177,3.28897e-06,
3.87416e-46,-7.54906e-45,3.87416e-46,-7.54906e-45,-1.36363e-19,1.36363e-19,0.314178,3.28897e-06,
-2.87862e-48,-2.24682e-45,-2.87862e-48,-2.24682e-45,-9.95448e-20,9.95448e-20,0.314178,3.28897e-06,
-5.13336e-47,3.62362e-46,-5.13336e-47,3.62362e-46,-7.26677e-20,7.26677e-20,0.314178,3.28897e-06,
-1.38439e-47,3.93459e-46,-1.38439e-47,3.93459e-46,-5.30474e-20,5.30474e-20,0.314178,3.28897e-06,
2.86141e-48,6.17201e-47,2.86141e-48,6.17201e-47,-3.87246e-20,3.87246e-20,0.314179,3.28897e-06,
2.59847e-48,-3.4228e-47,2.59847e-48,-3.4228e-47,-2.8269e-20,2.8269e-20,0.314179,3.28897e-06,
3.46521e-49,-1.75322e-47,3.46521e-49,-1.75322e-47,-2.06364e-20,2.06364e-20,0.314179,3.28897e-06,
-2.42968e-49,-3.91576e-49,-2.42968e-49,-3.91576e-49,-1.50645e-20,1.50645e-20,0.31418,3.28897e-06,
-1.12504e-49,2.1785e-48,-1.12504e-49,2.1785e-48,-1.09971e-20,1.09971e-20,0.31418,3.28897e-06,
5.30221e-52,6.54524e-49,5.30221e-52,6.54524e-49,-8.02789e-21,8.02789e-21,0.31418,3.28897e-06,
1.48224e-50,-1.0287e-49,1.48224e-50,-1.0287e-49,-5.86036e-21,5.86036e-21,0.31418,3.28897e-06,
4.03663e-51,-1.13874e-49,4.03663e-51,-1.13874e-49,-4.27806e-21,4.27806e-21,0.314181,3.28897e-06,
-8.15344e-52,-1.81243e-50,-8.15344e-52,-1.81243e-50,-3.12299e-21,3.12299e-21,0.314181,3.28897e-06,
-7.52405e-52,9.83376e-51,-7.52405e-52,9.83376e-51,-2.27978e-21,2.27978e-21,0.314181,3.28897e-06,
-1.02059e-52,5.08816e-51,-1.02059e-52,5.08816e-51,-1.66424e-21,1.66424e-21,0.314181,3.28897e-06,
6.98764e-53,1.26663e-52,6.98764e-53,1.26663e-52,-1.21489e-21,1.21489e-21,0.314182,3.28897e-06,
3.26688e-53,-6.28635e-52,3.26688e-53,-6.28635e-52,-8.86873e-22,8.86873e-22,0.314182,3.28897e-06,
-6.57125e-56,-1.90654e-52,-6.57125e-56,-1.90654e-52,-6.47417e-22,6.47417e-22,0.314182,3.28897e-06,
-4.27966e-54,2.91905e-53,-4.27966e-54,2.91905e-53,-4.72615e-22,4.72615e-22,0.314182,3.28897e-06,
-1.17689e-54,3.29555e-53,-1.17689e-54,3.29555e-53,-3.45009e-22,3.45009e-22,0.314183,3.28897e-06,
2.32257e-55,5.32095e-54,2.32257e-55,5.32095e-54,-2.51856e-22,2.51856e-22,0.314183,3.28897e-06,
-0.080206,-1.2214,-0.080206,-1.2214,-0.0352857,0.0352857,0.315219,0.0095886,
-0.221905,-1.55973,-0.221905,-1.55973,-0.0621708,0.0621708,0.315374,-0.0261695,
-0.295699,-0.359964,-0.295699,-0.359964,-0.0666328,0.0666328,0.309894,-0.117124,
-0.284168,0.351866,-0.284168,0.351866,-0.0567425,0.0567425,0.296916,-0.207988,
-0.228265,0.678995,-0.228265,0.678995,-0.0387823,0.0387823,0.277255,-0.283004,
-0.156543,0.759709,-0.156543,0.759709,-0.0186658,0.0186658,0.252503,-0.336418,
-0.0862625,0.698234,-0.0862625,0.698234,-0.000485395,0.000485395,0.224435,-0.368095,
-0.0264595,0.56878,-0.0264595,0.56878,0.0136549,-0.0136549,0.194678,-0.380949,
0.0193565,0.419174,0.0193565,0.419174,0.0231693,-0.0231693,0.16456,-0.379138,
0.0510551,0.277451,0.0510551,0.277451,0.02842,-0.02842,0.135062,-0.366965,
0.0703504,0.15797,0.0703504,0.15797,0.0302421,-0.0302421,0.106837,-0.348283,
0.0797656,0.0660209,0.0797656,0.0660209,0.029611,-0.029611,0.080261,-0.326207,
0.0819688,0.0012208,0.0819688,0.0012208,0.0274411,-0.0274411,0.0554965,-0.303047,
0.0793841,-0.0399584,0.0793841,-0.0399584,0.0244832,-0.0244832,0.032556,-0.280369,
0.0740015,-0.062401,0.0740015,-0.062401,0.0212927,-0.0212927,0.0113554,-0.259113,
0.0673212,-0.0711719,0.0673212,-0.0711719,0.018237,-0.018237,-0.00824218,-0.239743,
0.0603814,-0.0708296,0.0603814,-0.0708296,0.0155268,-0.0155268,-0.0263947,-0.222389,
0.0538291,-0.0650955,0.0538291,-0.0650955,0.0132534,-0.0132534,-0.0432602,-0.206966,
0.0480083,-0.0567654,0.0480083,-0.0567654,0.0114261,-0.0114261,-0.0589839,-0.193272,
0.0430461,-0.0477685,0.0430461,-0.0477685,0.0100046,-0.0100046,-0.0736922,-0.181056,
0.0389289,-0.039305,0.0389289,-0.039305,0.00892325,-0.00892325,-0.0874913,-0.170064,
0.0355629,-0.032012,0.0355629,-0.032012,0.00810892,-0.00810892,-0.100468,-0.160068,
0.0328179,-0.0261259,0.0328179,-0.0261259,0.00749227,-0.00749227,-0.112693,-0.150878,
0.0305578,-0.0216236,0.0305578,-0.0216236,0.00701377,-0.00701377,-0.124222,-0.142344,
0.0286584,-0.0183351,0.0286584,-0.0183351,0.00662624,-0.00662624,-0.135102,-0.134353,
0.0270165,-0.0160252,0.0270165,-0.0160252,0.00629482,-0.00629482,-0.145373,-0.126826,
0.0255523,-0.0144493,0.0255523,-0.0144493,0.00599562,-0.00599562,-0.155069,-0.119709,
0.0242087,-0.0133854,0.0242087,-0.0133854,0.00571358,-0.00571358,-0.164219,-0.112964,
0.0229475,-0.012651,0.0229475,-0.012651,0.00544035,-0.00544035,-0.172852,-0.106567,
0.0217457,-0.0121075,0.0217457,-0.0121075,0.00517219,-0.00517219,-0.180995,-0.100501,
0.0205908,-0.0116578,0.0205908,-0.0116578,0.00490828,-0.00490828,-0.188674,-0.0947547,
0.0194778,-0.0112398,0.0194778,-0.0112398,0.00464947,-0.00464947,-0.195913,-0.0893156,
0.018406,-0.0108186,0.018406,-0.0108186,0.00439731,-0.00439731,-0.202735,-0.0841736,
0.0173765,-0.0103787,0.0173765,-0.0103787,0.00415345,-0.00415345,-0.209164,-0.0793175,
0.0163915,-0.00991756,0.0163915,-0.00991756,0.00391932,-0.00391932,-0.215222,-0.0747356,
0.0154527,-0.00943986,0.0154527,-0.00943986,0.00369594,-0.00369594,-0.22093,-0.0704155,
0.0145612,-0.00895375,0.0145612,-0.00895375,0.00348392,-0.00348392,-0.226308,-0.0663443,
0.0137172,-0.00846816,0.0137172,-0.00846816,0.00328346,-0.00328346,-0.231375,-0.062509,
0.0129202,-0.00799118,0.0129202,-0.00799118,0.00309444,-0.00309444,-0.236149,-0.0588966,
0.0121688,-0.00752928,0.0121688,-0.00752928,0.0029165,-0.0029165,-0.240647,-0.0554944,
0.0114613,-0.00708707,0.0114613,-0.00708707,0.00274916,-0.00274916,-0.244885,-0.0522902,
0.0107955,-0.00666736,0.0107955,-0.00666736,0.00259181,-0.00259181,-0.248879,-0.0492721,
0.0101693,-0.00627146,0.0101693,-0.00627146,0.00244383,-0.00244383,-0.252642,-0.0464293,
0.00958023,-0.00589952,0.00958023,-0.00589952,0.00230461,-0.00230461,-0.256188,-0.0437512,
0.00902601,-0.00555089,0.00902601,-0.00555089,0.00217356,-0.00217356,-0.25953,-0.0412281,
0.00850443,-0.00522442,0.00850443,-0.00522442,0.00205013,-0.00205013,-0.262679,-0.0388509,
0.00801344,-0.00491869,0.00801344,-0.00491869,0.00193382,-0.00193382,-0.265646,-0.0366109,
0.00755109,-0.00463219,0.00755109,-0.00463219,0.00182416,-0.00182416,-0.268443,-0.0345001,
0.0071156,-0.00436343,0.0071156,-0.00436343,0.00172075,-0.00172075,-0.271078,-0.0325111,
0.00670532,-0.00411105,0.00670532,-0.00411105,0.00162321,-0.00162321,-0.273561,-0.0306368,
0.00631874,-0.00387379,0.00631874,-0.00387379,0.00153119,-0.00153119,-0.275901,-0.0288705,
0.00595446,-0.00365053,0.00595446,-0.00365053,0.00144436,-0.00144436,-0.278106,-0.027206,
0.00561115,-0.0034403,0.00561115,-0.0034403,0.00136244,-0.00136244,-0.280184,-0.0256374,
0.00528762,-0.00324223,0.00528762,-0.00324223,0.00128515,-0.00128515,-0.282142,-0.0241593,
0.00498271,-0.00305555,0.00498271,-0.00305555,0.00121223,-0.00121223,-0.283987,-0.0227664,
0.00469536,-0.00287956,0.00469536,-0.00287956,0.00114344,-0.00114344,-0.285726,-0.0214539,
0.00442456,-0.00271366,0.00442456,-0.00271366,0.00107854,-0.00107854,-0.287365,-0.020217,
0.00416937,-0.00255725,0.00416937,-0.00255725,0.00101731,-0.00101731,-0.288909,-0.0190514,
0.0039289,-0.0024098,0.0039289,-0.0024098,0.000959556,-0.000959556,-0.290364,-0.0179531,
0.00370229,-0.00227081,0.00370229,-0.00227081,0.000905077,-0.000905077,-0.291736,-0.0169181,
0.00348875,-0.00213981,0.00348875,-0.00213981,0.000853688,-0.000853688,-0.293028,-0.0159428,
0.00328753,-0.00201635,0.00328753,-0.00201635,0.000805215,-0.000805215,-0.294245,-0.0150238,
0.00309793,-0.00190001,0.00309793,-0.00190001,0.000759493,-0.000759493,-0.295393,-0.0141577,
0.00291926,-0.00179037,0.00291926,-0.00179037,0.000716366,-0.000716366,-0.296474,-0.0133416,
0.0027509,-0.00168706,0.0027509,-0.00168706,0.000675686,-0.000675686,-0.297493,-0.0125726,
0.00259226,-0.00158972,0.00259226,-0.00158972,0.000637316,-0.000637316,-0.298454,-0.0118479,
0.00244277,-0.00149799,0.00244277,-0.00149799,0.000601123,-0.000601123,-0.299359,-0.011165,
0.00230191,-0.00141157,0.00230191,-0.00141157,0.000566984,-0.000566984,-0.300211,-0.0105215,
0.00216917,-0.00133013,0.00216917,-0.00133013,0.000534783,-0.000534783,-0.301015,-0.00991505,
0.00204409,-0.0012534,0.00204409,-0.0012534,0.000504409,-0.000504409,-0.301772,-0.00934359,
0.00192623,-0.00118109,0.00192623,-0.00118109,0.000475759,-0.000475759,-0.302486,-0.00880508,
0.00181516,-0.00111296,0.00181516,-0.00111296,0.000448735,-0.000448735,-0.303158,-0.00829761,
0.0017105,-0.00104877,0.0017105,-0.00104877,0.000423245,-0.000423245,-0.303792,-0.00781941,
0.00161188,-0.000988275,0.00161188,-0.000988275,0.000399202,-0.000399202,-0.30439,-0.00736877,
0.00151895,-0.000931274,0.00151895,-0.000931274,0.000376524,-0.000376524,-0.304952,-0.00694411,
0.00143137,-0.000877562,0.00143137,-0.000877562,0.000355133,-0.000355133,-0.305483,-0.00654394,
0.00134885,-0.000826949,0.00134885,-0.000826949,0.000334956,-0.000334956,-0.305983,-0.00616683,
0.00127109,-0.000779256,0.00127109,-0.000779256,0.000315925,-0.000315925,-0.306454,-0.00581147,
0.00119781,-0.000734314,0.00119781,-0.000734314,0.000297975,-0.000297975,-0.306897,-0.00547658,
0.00112876,-0.000691965,0.00112876,-0.000691965,0.000281043,-0.000281043,-0.307316,-0.00516101,
0.00106369,-0.00065206,0.00106369,-0.00065206,0.000265073,-0.000265073,-0.30771,-0.00486362,
0.00100237,-0.000614457,0.00100237,-0.000614457,0.00025001,-0.00025001,-0.308081,-0.00458338,
0.000944588,-0.000579023,0.000944588,-0.000579023,0.000235802,-0.000235802,-0.308432,-0.00431929,
0.000890138,-0.000545633,0.000890138,-0.000545633,0.0002224,-0.0002224,-0.308761,-0.00407042,
0.000838829,-0.000514169,0.000838829,-0.000514169,0.00020976,-0.00020976,-0.309072,-0.00383589,
0.000790478,-0.00048452,0.000790478,-0.00048452,0.000197838,-0.000197838,-0.309365,-0.00361488,
0.000744915,-0.000456582,0.000744915,-0.000456582,0.000186593,-0.000186593,-0.309641,-0.00340661,
0.000701979,-0.000430255,0.000701979,-0.000430255,0.000175986,-0.000175986,-0.309902,-0.00321035,
0.000661519,-0.000405447,0.000661519,-0.000405447,0.000165982,-0.000165982,-0.310147,-0.00302539,
0.000623391,-0.00038207,0.000623391,-0.00038207,0.000156547,-0.000156547,-0.310378,-0.0028511,
0.000587462,-0.000360041,0.000587462,-0.000360041,0.000147647,-0.000147647,-0.310596,-0.00268685,
0.000553605,-0.000339283,0.000553605,-0.000339283,0.000139253,-0.000139253,-0.310801,-0.00253206,
0.0005217,-0.000319722,0.0005217,-0.000319722,0.000131335,-0.000131335,-0.310994,-0.0023862,
0.000491634,-0.000301289,0.000491634,-0.000301289,0.000123868,-0.000123868,-0.311177,-0.00224874,
0.000463301,-0.000283919,0.000463301,-0.000283919,0.000116824,-0.000116824,-0.311348,-0.0021192,
0.000436602,-0.000267552,0.000436602,-0.000267552,0.000110181,-0.000110181,-0.31151,-0.00199713,
0.000411442,-0.000252128,0.000411442,-0.000252128,0.000103915,-0.000103915,-0.311663,-0.00188209,
0.000387732,-0.000237593,0.000387732,-0.000237593,9.80056e-05,-9.80056e-05,-0.311807,-0.00177367,
0.000365389,-0.000223897,0.000365389,-0.000223897,9.24317e-05,-9.24317e-05,-0.311942,-0.00167151,
0.000344334,-0.00021099,0.000344334,-0.00021099,8.71746e-05,-8.71746e-05,-0.31207,-0.00157523,
0.000324493,-0.000198828,0.000324493,-0.000198828,8.22162e-05,-8.22162e-05,-0.31219,-0.0014845,
0.000305795,-0.000187367,0.000305795,-0.000187367,7.75395e-05,-7.75395e-05,-0.312303,-0.001399,
0.000288176,-0.000176567,0.000288176,-0.000176567,7.31287e-05,-7.31287e-05,-0.31241,-0.00131842,
0.000271571,-0.00016639,0.000271571,-0.00016639,6.89685e-05,-6.89685e-05,-0.312511,-0.00124249,
0.000255924,-0.0001568,0.000255924,-0.0001568,6.50448e-05,-6.50448e-05,-0.312606,-0.00117093,
0.000241179,-0.000147762,0.000241179,-0.000147762,6.13441e-05,-6.13441e-05,-0.312695,-0.00110349,
0.000227284,-0.000139246,0.000227284,-0.000139246,5.78538e-05,-5.78538e-05,-0.31278,-0.00103994,
0.000214189,-0.000131221,0.000214189,-0.000131221,5.45618e-05,-5.45618e-05,-0.312859,-0.000980053,
0.000201849,-0.000123658,0.000201849,-0.000123658,5.1457e-05,-5.1457e-05,-0.312934,-0.000923613,
0.00019022,-0.000116531,0.00019022,-0.000116531,4.85287e-05,-4.85287e-05,-0.313004,-0.000870424,
0.000179262,-0.000109816,0.000179262,-0.000109816,4.57669e-05,-4.57669e-05,-0.313071,-0.000820299,
0.000168935,-0.000103487,0.000168935,-0.000103487,4.31621e-05,-4.31621e-05,-0.313134,-0.000773062,
0.000159203,-9.75233e-05,0.000159203,-9.75233e-05,4.07054e-05,-4.07054e-05,-0.313193,-0.000728546,
0.000150032,-9.19034e-05,0.000150032,-9.19034e-05,3.83884e-05,-3.83884e-05,-0.313248,-0.000686594,
0.000141389,-8.66074e-05,0.000141389,-8.66074e-05,3.62032e-05,-3.62032e-05,-0.313301,-0.000647058,
0.000133245,-8.16167e-05,0.000133245,-8.16167e-05,3.41422e-05,-3.41422e-05,-0.31335,-0.0006098,
0.00012557,-7.69137e-05,0.00012557,-7.69137e-05,3.21984e-05,-3.21984e-05,-0.313397,-0.000574688,
0.000118337,-7.24818e-05,0.000118337,-7.24818e-05,3.03651e-05,-3.03651e-05,-0.313441,-0.000541598,
0.000111521,-6.83054e-05,0.000111521,-6.83054e-05,2.86361e-05,-2.86361e-05,-0.313482,-0.000510414,
0.000105097,-6.43697e-05,0.000105097,-6.43697e-05,2.70055e-05,-2.70055e-05,-0.313521,-0.000481026,
9.90437e-05,-6.06609e-05,9.90437e-05,-6.06609e-05,2.54676e-05,-2.54676e-05,-0.313558,-0.00045333,
9.33392e-05,-5.71658e-05,9.33392e-05,-5.71658e-05,2.40171e-05,-2.40171e-05,-0.313592,-0.00042723,
8.79633e-05,-5.38722e-05,8.79633e-05,-5.38722e-05,2.26492e-05,-2.26492e-05,-0.313625,-0.000402633,
8.28971e-05,-5.07684e-05,8.28971e-05,-5.07684e-05,2.13591e-05,-2.13591e-05,-0.313656,-0.000379452,
7.81228e-05,-4.78435e-05,7.81228e-05,-4.78435e-05,2.01424e-05,-2.01424e-05,-0.313685,-0.000357606,
7.36236e-05,-4.50871e-05,7.36236e-05,-4.50871e-05,1.89949e-05,-1.89949e-05,-0.313712,-0.000337019,
6.93836e-05,-4.24896e-05,6.93836e-05,-4.24896e-05,1.79127e-05,-1.79127e-05,-0.313738,-0.000317617,
6.53878e-05,-4.00418e-05,6.53878e-05,-4.00418e-05,1.68921e-05,-1.68921e-05,-0.313762,-0.000299332,
6.16222e-05,-3.77351e-05,6.16222e-05,-3.77351e-05,1.59295e-05,-1.59295e-05,-0.313785,-0.0002821,
5.80736e-05,-3.55613e-05,5.80736e-05,-3.55613e-05,1.50217e-05,-1.50217e-05,-0.313806,-0.00026586,
5.47294e-05,-3.35128e-05,5.47294e-05,-3.35128e-05,1.41656e-05,-1.41656e-05,-0.313827,-0.000250556,
5.15778e-05,-3.15823e-05,5.15778e-05,-3.15823e-05,1.33582e-05,-1.33582e-05,-0.313846,-0.000236133,
4.86078e-05,-2.97631e-05,4.86078e-05,-2.97631e-05,1.25968e-05,-1.25968e-05,-0.313864,-0.00022254,
4.58088e-05,-2.80487e-05,4.58088e-05,-2.80487e-05,1.18786e-05,-1.18786e-05,-0.313881,-0.00020973,
4.31711e-05,-2.6433e-05,4.31711e-05,-2.6433e-05,1.12014e-05,-1.12014e-05,-0.313897,-0.000197658,
4.06853e-05,-2.49105e-05,4.06853e-05,-2.49105e-05,1.05627e-05,-1.05627e-05,-0.313912,-0.00018628,
3.83426e-05,-2.34757e-05,3.83426e-05,-2.34757e-05,9.9604e-06,-9.9604e-06,-0.313926,-0.000175558,
3.6135e-05,-2.21236e-05,3.6135e-05,-2.21236e-05,9.39236e-06,-9.39236e-06,-0.31394,-0.000165453,
3.40544e-05,-2.08493e-05,3.40544e-05,-2.08493e-05,8.85667e-06,-8.85667e-06,-0.313952,-0.00015593,
3.20937e-05,-1.96485e-05,3.20937e-05,-1.96485e-05,8.35147e-06,-8.35147e-06,-0.313964,-0.000146955,
3.02459e-05,-1.85169e-05,3.02459e-05,-1.85169e-05,7.87505e-06,-7.87505e-06,-0.313975,-0.000138497,
2.85046e-05,-1.74505e-05,2.85046e-05,-1.74505e-05,7.42575e-06,-7.42575e-06,-0.313986,-0.000130526,
2.68635e-05,-1.64455e-05,2.68635e-05,-1.64455e-05,7.00204e-06,-7.00204e-06,-0.313996,-0.000123013,
2.53169e-05,-1.54984e-05,2.53169e-05,-1.54984e-05,6.60247e-06,-6.60247e-06,-0.314005,-0.000115933,
2.38594e-05,-1.46059e-05,2.38594e-05,-1.46059e-05,6.22565e-06,-6.22565e-06,-0.314014,-0.000109261,
2.24858e-05,-1.37647e-05,2.24858e-05,-1.37647e-05,5.8703e-06,-5.8703e-06,-0.314023,-0.000102973,
2.11914e-05,-1.29721e-05,2.11914e-05,-1.29721e-05,5.53519e-06,-5.53519e-06,-0.31403,-9.70466e-05,
1.99715e-05,-1.22251e-05,1.99715e-05,-1.22251e-05,5.21917e-06,-5.21917e-06,-0.314038,-9.14615e-05,
1.88218e-05,-1.15211e-05,1.88218e-05,-1.15211e-05,4.92115e-06,-4.92115e-06,-0.314045,-8.61979e-05,
1.77383e-05,-1.08577e-05,1.77383e-05,-1.08577e-05,4.64012e-06,-4.64012e-06,-0.314051,-8.12373e-05,
1.67172e-05,-1.02325e-05,1.67172e-05,-1.02325e-05,4.3751e-06,-4.3751e-06,-0.314058,-7.65623e-05,
1.57549e-05,-9.64329e-06,1.57549e-05,-9.64329e-06,4.12518e-06,-4.12518e-06,-0.314063,-7.21563e-05,
1.48481e-05,-9.08803e-06,1.48481e-05,-9.08803e-06,3.88951e-06,-3.88951e-06,-0.314069,-6.80039e-05,
1.39934e-05,-8.56476e-06,1.39934e-05,-8.56476e-06,3.66727e-06,-3.66727e-06,-0.314074,-6.40906e-05,
1.31879e-05,-8.07163e-06,1.31879e-05,-8.07163e-06,3.4577e-06,-3.4577e-06,-0.314079,-6.04025e-05,
1.24289e-05,-7.60689e-06,1.24289e-05,-7.60689e-06,3.26008e-06,-3.26008e-06,-0.314084,-5.69266e-05,
1.17135e-05,-7.16893e-06,1.17135e-05,-7.16893e-06,3.07372e-06,-3.07372e-06,-0.314088,-5.36509e-05,
1.10393e-05,-6.75619e-06,1.10393e-05,-6.75619e-06,2.89799e-06,-2.89799e-06,-0.314092,-5.05636e-05,
1.04039e-05,-6.36722e-06,1.04039e-05,-6.36722e-06,2.73228e-06,-2.73228e-06,-0.314096,-4.7654e-05,
9.80512e-06,-6.00065e-06,9.80512e-06,-6.00065e-06,2.57603e-06,-2.57603e-06,-0.3141,-4.49119e-05,
9.2408e-06,-5.65519e-06,9.2408e-06,-5.65519e-06,2.42868e-06,-2.42868e-06,-0.314103,-4.23276e-05,
8.70897e-06,-5.32962e-06,8.70897e-06,-5.32962e-06,2.28974e-06,-2.28974e-06,-0.314106,-3.98921e-05,
8.20775e-06,-5.02281e-06,8.20775e-06,-5.02281e-06,2.15873e-06,-2.15873e-06,-0.314109,-3.75967e-05,
7.73539e-06,-4.73366e-06,7.73539e-06,-4.73366e-06,2.03519e-06,-2.03519e-06,-0.314112,-3.54334e-05,
7.29022e-06,-4.46116e-06,7.29022e-06,-4.46116e-06,1.9187e-06,-1.9187e-06,-0.314115,-3.33946e-05,
6.87068e-06,-4.20436e-06,6.87068e-06,-4.20436e-06,1.80885e-06,-1.80885e-06,-0.314117,-3.14731e-05,
6.47528e-06,-3.96234e-06,6.47528e-06,-3.96234e-06,1.70528e-06,-1.70528e-06,-0.31412,-2.96622e-05,
6.10265e-06,-3.73426e-06,6.10265e-06,-3.73426e-06,1.60762e-06,-1.60762e-06,-0.314122,-2.79555e-05,
5.75146e-06,-3.51931e-06,5.75146e-06,-3.51931e-06,1.51553e-06,-1.51553e-06,-0.314124,-2.6347e-05,
5.4205e-06,-3.31673e-06,5.4205e-06,-3.31673e-06,1.42871e-06,-1.42871e-06,-0.314126,-2.48311e-05,
5.10858e-06,-3.12583e-06,5.10858e-06,-3.12583e-06,1.34684e-06,-1.34684e-06,-0.314128,-2.34024e-05,
4.81461e-06,-2.94591e-06,4.81461e-06,-2.94591e-06,1.26964e-06,-1.26964e-06,-0.31413,-2.20559e-05,
4.53756e-06,-2.77635e-06,4.53756e-06,-2.77635e-06,1.19686e-06,-1.19686e-06,-0.314132,-2.07869e-05,
4.27647e-06,-2.61655e-06,4.27647e-06,-2.61655e-06,1.12823e-06,-1.12823e-06,-0.314133,-1.95909e-05,
4.03039e-06,-2.46596e-06,4.03039e-06,-2.46596e-06,1.06353e-06,-1.06353e-06,-0.314135,-1.84637e-05,
3.79848e-06,-2.32403e-06,3.79848e-06,-2.32403e-06,1.00252e-06,-1.00252e-06,-0.314136,-1.74014e-05,
3.57992e-06,-2.19028e-06,3.57992e-06,-2.19028e-06,9.44999e-07,-9.44999e-07,-0.314137,-1.64002e-05,
3.37394e-06,-2.06422e-06,3.37394e-06,-2.06422e-06,8.90766e-07,-8.90766e-07,-0.314139,-1.54566e-05,
3.17981e-06,-1.94543e-06,3.17981e-06,-1.94543e-06,8.39633e-07,-8.39633e-07,-0.31414,-1.45673e-05,
2.99685e-06,-1.83347e-06,2.99685e-06,-1.83347e-06,7.91424e-07,-7.91424e-07,-0.314141,-1.37292e-05,
2.82442e-06,-1.72795e-06,2.82442e-06,-1.72795e-06,7.45972e-07,-7.45972e-07,-0.314142,-1.29393e-05,
2.66192e-06,-1.62851e-06,2.66192e-06,-1.62851e-06,7.0312e-07,-7.0312e-07,-0.314143,-1.21949e-05,
2.50877e-06,-1.5348e-06,2.50877e-06,-1.5348e-06,6.6272e-07,-6.6272e-07,-0.314144,-1.14932e-05,
2.36443e-06,-1.44648e-06,2.36443e-06,-1.44648e-06,6.24631e-07,-6.24631e-07,-0.314145,-1.0832e-05,
2.22839e-06,-1.36324e-06,2.22839e-06,-1.36324e-06,5.88722e-07,-5.88722e-07,-0.314146,-1.02088e-05,
2.10019e-06,-1.28479e-06,2.10019e-06,-1.28479e-06,5.54868e-07,-5.54868e-07,-0.314146,-9.62141e-06,
1.97936e-06,-1.21086e-06,1.97936e-06,-1.21086e-06,5.22953e-07,-5.22953e-07,-0.314147,-9.06785e-06,
1.86548e-06,-1.14119e-06,1.86548e-06,-1.14119e-06,4.92865e-07,-4.92865e-07,-0.314148,-8.54613e-06,
1.75816e-06,-1.07552e-06,1.75816e-06,-1.07552e-06,4.645e-07,-4.645e-07,-0.314149,-8.05443e-06,
1.65701e-06,-1.01364e-06,1.65701e-06,-1.01364e-06,4.3776e-07,-4.3776e-07,-0.314149,-7.59102e-06,
1.56168e-06,-9.55313e-07,1.56168e-06,-9.55313e-07,4.12553e-07,-4.12553e-07,-0.31415,-7.15427e-06,
1.47184e-06,-9.00347e-07,1.47184e-06,-9.00347e-07,3.8879e-07,-3.8879e-07,-0.31415,-6.74264e-06,
1.38717e-06,-8.48543e-07,1.38717e-06,-8.48543e-07,3.66389e-07,-3.66389e-07,-0.314151,-6.35469e-06,
1.30736e-06,-7.99721e-07,1.30736e-06,-7.99721e-07,3.45272e-07,-3.45272e-07,-0.314151,-5.98907e-06,
1.23215e-06,-7.53709e-07,1.23215e-06,-7.53709e-07,3.25367e-07,-3.25367e-07,-0.314152,-5.64447e-06,
1.16127e-06,-7.10345e-07,1.16127e-06,-7.10345e-07,3.06603e-07,-3.06603e-07,-0.314152,-5.31971e-06,
1.09447e-06,-6.69476e-07,1.09447e-06,-6.69476e-07,2.88916e-07,-2.88916e-07,-0.314153,-5.01362e-06,
1.0315e-06,-6.30959e-07,1.0315e-06,-6.30959e-07,2.72244e-07,-2.72244e-07,-0.314153,-4.72514e-06,
9.72165e-07,-5.94659e-07,9.72165e-07,-5.94659e-07,2.56529e-07,-2.56529e-07,-0.314153,-4.45326e-06,
9.1624e-07,-5.60447e-07,9.1624e-07,-5.60447e-07,2.41716e-07,-2.41716e-07,-0.314154,-4.19702e-06,
8.63532e-07,-5.28205e-07,8.63532e-07,-5.28205e-07,2.27754e-07,-2.27754e-07,-0.314154,-3.95552e-06,
8.13856e-07,-4.97817e-07,8.13856e-07,-4.97817e-07,2.14594e-07,-2.14594e-07,-0.314154,-3.72791e-06,
7.67039e-07,-4.69179e-07,7.67039e-07,-4.69179e-07,2.0219e-07,-2.0219e-07,-0.314155,-3.5134e-06,
7.22914e-07,-4.42188e-07,7.22914e-07,-4.42188e-07,1.905e-07,-1.905e-07,-0.314155,-3.31123e-06,
2.98896e-07,-6.24055e-06,2.98896e-07,-6.24055e-06,1.39065e-07,-1.39065e-07,-0.314155,-3.07451e-06,
-1.15058e-08,-1.67095e-06,-1.15058e-08,-1.67095e-06,1.01517e-07,-1.01517e-07,-0.314155,-3.1132e-06,
-4.21763e-08,3.5119e-07,-4.21763e-08,3.5119e-07,7.41075e-08,-7.41075e-08,-0.314156,-3.15431e-06,
-1.0182e-08,3.15245e-07,-1.0182e-08,3.15245e-07,5.40985e-08,-5.40985e-08,-0.314156,-3.16029e-06,
2.68125e-09,4.15123e-08,2.68125e-09,4.15123e-08,3.94919e-08,-3.94919e-08,-0.314156,-3.15632e-06,
2.07089e-09,-2.9623e-08,2.07089e-09,-2.9623e-08,2.88291e-08,-2.88291e-08,-0.314156,-3.15425e-06,
2.23882e-10,-1.36206e-08,2.23882e-10,-1.36206e-08,2.10452e-08,-2.10452e-08,-0.314157,-3.15405e-06,
-2.0812e-10,9.12395e-11,-2.0812e-10,9.12395e-11,1.5363e-08,-1.5363e-08,-0.314157,-3.15417e-06,
-8.68533e-11,1.802e-09,-8.68533e-11,1.802e-09,1.1215e-08,-1.1215e-08,-0.314157,-3.15415e-06,
3.08964e-12,4.87253e-10,3.08964e-12,4.87253e-10,8.18696e-09,-8.18696e-09,-0.314157,-3.15408e-06,
1.21853e-11,-1.00092e-10,1.21853e-11,-1.00092e-10,5.97648e-09,-5.97648e-09,-0.314158,-3.15402e-06,
2.97231e-12,-9.12848e-11,2.97231e-12,-9.12848e-11,4.36283e-09,-4.36283e-09,-0.314158,-3.15398e-06,
-7.66176e-13,-1.22295e-11,-7.66176e-13,-1.22295e-11,3.18487e-09,-3.18487e-09,-0.314158,-3.15396e-06,
-5.99951e-13,8.51999e-12,-5.99951e-13,8.51999e-12,2.32495e-09,-2.32495e-09,-0.314158,-3.15394e-06,
-6.62434e-14,3.95531e-12,-6.62434e-14,3.95531e-12,1.69721e-09,-1.69721e-09,-0.314159,-3.15393e-06,
5.99108e-14,-1.57641e-14,5.99108e-14,-1.57641e-14,1.23897e-09,-1.23897e-09,-0.314159,-3.15392e-06,
2.52363e-14,-5.20313e-13,2.52363e-14,-5.20313e-13,9.04446e-10,-9.04446e-10,-0.314159,-3.15391e-06,
-8.24542e-16,-1.4207e-13,-8.24542e-16,-1.4207e-13,6.60245e-10,-6.60245e-10,-0.314159,-3.15391e-06,
-3.52033e-15,2.85183e-14,-3.52033e-15,2.85183e-14,4.81979e-10,-4.81979e-10,-0.31416,-3.1539e-06,
-8.67575e-16,2.64318e-14,-8.67575e-16,2.64318e-14,3.51845e-10,-3.51845e-10,-0.31416,-3.1539e-06,
2.18889e-16,3.60157e-15,2.18889e-16,3.60157e-15,2.56847e-10,-2.56847e-10,-0.31416,-3.1539e-06,
1.73802e-16,-2.45024e-15,1.73802e-16,-2.45024e-15,1.87498e-10,-1.87498e-10,-0.31416,-3.1539e-06,
1.95905e-17,-1.14852e-15,1.95905e-17,-1.14852e-15,1.36874e-10,-1.36874e-10,-0.314161,-3.1539e-06,
-1.72449e-17,1.47969e-18,-1.72449e-17,1.47969e-18,9.99177e-11,-9.99177e-11,-0.314161,-3.15389e-06,
-7.33231e-18,1.50228e-16,-7.33231e-18,1.50228e-16,7.29399e-11,-7.29399e-11,-0.314161,-3.15389e-06,
2.1845e-19,4.14201e-17,2.1845e-19,4.14201e-17,5.32462e-11,-5.32462e-11,-0.314161,-3.15389e-06,
1.01697e-18,-8.12298e-18,1.01697e-18,-8.12298e-18,3.88697e-11,-3.88697e-11,-0.314162,-3.15389e-06,
2.53205e-19,-7.65308e-18,2.53205e-19,-7.65308e-18,2.83749e-11,-2.83749e-11,-0.314162,-3.15389e-06,
-6.25199e-20,-1.06031e-18,-6.25199e-20,-1.06031e-18,2.07137e-11,-2.07137e-11,-0.314162,-3.15389e-06,
-5.03471e-20,7.04594e-19,-5.03471e-20,7.04594e-19,1.5121e-11,-1.5121e-11,-0.314162,-3.15389e-06,
-5.79078e-21,3.33483e-19,-5.79078e-21,3.33483e-19,1.10383e-11,-1.10383e-11,-0.314163,-3.15389e-06,
4.96344e-21,4.64681e-22,4.96344e-21,4.64681e-22,8.05796e-12,-8.05796e-12,-0.314163,-3.15389e-06,
2.13025e-21,-4.33723e-20,2.13025e-21,-4.33723e-20,5.88231e-12,-5.88231e-12,-0.314163,-3.15389e-06,
-5.73732e-23,-1.20747e-20,-5.73732e-23,-1.20747e-20,4.29409e-12,-4.29409e-12,-0.314163,-3.15389e-06,
-2.93771e-22,2.31296e-21,-2.93771e-22,2.31296e-21,3.13469e-12,-3.13469e-12,-0.314164,-3.15389e-06,
-7.38904e-23,2.21577e-21,-7.38904e-23,2.21577e-21,2.28832e-12,-2.28832e-12,-0.314164,-3.15389e-06,
1.7853e-23,3.12056e-22,1.7853e-23,3.12056e-22,1.67047e-12,-1.67047e-12,-0.314164,-3.15389e-06,
1.45839e-23,-2.02595e-22,1.45839e-23,-2.02595e-22,1.21945e-12,-1.21945e-12,-0.314164,-3.15389e-06,
1.71091e-24,-9.68245e-23,1.71091e-24,-9.68245e-23,8.90195e-13,-8.90195e-13,-0.314165,-3.15389e-06,
-1.42846e-24,-3.93117e-25,-1.42846e-24,-3.93117e-25,6.49843e-13,-6.49843e-13,-0.314165,-3.15389e-06,
-6.18861e-25,1.25213e-23,-6.18861e-25,1.25213e-23,4.74385e-13,-4.74385e-13,-0.314165,-3.15389e-06,
1.49096e-26,3.51968e-24,1.49096e-26,3.51968e-24,3.46301e-13,-3.46301e-13,-0.314165,-3.15389e-06,
8.48568e-26,-6.5838e-25,8.48568e-26,-6.5838e-25,2.528e-13,-2.528e-13,-0.314166,-3.15389e-06,
2.15605e-26,-6.41493e-25,2.15605e-26,-6.41493e-25,1.84544e-13,-1.84544e-13,-0.314166,-3.15389e-06,
-5.09682e-27,-9.18118e-26,-5.09682e-27,-9.18118e-26,1.34717e-13,-1.34717e-13,-0.314166,-3.15389e-06,
-4.22426e-27,5.82472e-26,-4.22426e-27,5.82472e-26,9.83434e-14,-9.83434e-14,-0.314166,-3.15389e-06,
-5.05268e-28,2.81108e-26,-5.05268e-28,2.81108e-26,7.17907e-14,-7.17907e-14,-0.314167,-3.15389e-06,
4.1107e-28,1.88682e-28,4.1107e-28,1.88682e-28,5.24072e-14,-5.24072e-14,-0.314167,-3.15389e-06,
1.79776e-28,-3.61462e-27,1.79776e-28,-3.61462e-27,3.82573e-14,-3.82573e-14,-0.314167,-3.15389e-06,
-3.82385e-30,-1.02586e-27,-3.82385e-30,-1.02586e-27,2.79278e-14,-2.79278e-14,-0.314167,-3.15389e-06,
-2.45099e-29,1.87342e-28,-2.45099e-29,1.87342e-28,2.03873e-14,-2.03873e-14,-0.314168,-3.15389e-06,
-6.29045e-30,1.85712e-28,-6.29045e-30,1.85712e-28,1.48827e-14,-1.48827e-14,-0.314168,-3.15389e-06,
1.45472e-30,2.70044e-29,1.45472e-30,2.70044e-29,1.08644e-14,-1.08644e-14,-0.314168,-3.15389e-06,
1.22351e-30,-1.67448e-29,1.22351e-30,-1.67448e-29,7.93101e-15,-7.93101e-15,-0.314168,-3.15389e-06,
1.49152e-31,-8.16087e-30,1.49152e-31,-8.16087e-30,5.78963e-15,-5.78963e-15,-0.314169,-3.15389e-06,
-1.18285e-31,-7.63019e-32,-1.18285e-31,-7.63019e-32,4.22643e-15,-4.22643e-15,-0.314169,-3.15389e-06,
-5.22209e-32,1.0434e-30,-5.22209e-32,1.0434e-30,3.0853e-15,-3.0853e-15,-0.314169,-3.15389e-06,
9.64352e-34,2.98976e-31,9.64352e-34,2.98976e-31,2.25227e-15,-2.25227e-15,-0.314169,-3.15389e-06,
7.07903e-33,-5.32896e-32,7.07903e-33,-5.32896e-32,1.64415e-15,-1.64415e-15,-0.31417,-3.15389e-06,
1.8351e-33,-5.37609e-32,1.8351e-33,-5.37609e-32,1.20023e-15,-1.20023e-15,-0.31417,-3.15389e-06,
-4.15097e-34,-7.94044e-33,-4.15097e-34,-7.94044e-33,8.7617e-16,-8.7617e-16,-0.31417,-3.15389e-06,
-3.5436e-34,4.81329e-33,-3.5436e-34,4.81329e-33,6.39604e-16,-6.39604e-16,-0.31417,-3.15389e-06,
-4.40107e-35,2.36907e-33,-4.40107e-35,2.36907e-33,4.66911e-16,-4.66911e-16,-0.314171,-3.15389e-06,
3.40332e-35,2.83658e-35,3.40332e-35,2.83658e-35,3.40845e-16,-3.40845e-16,-0.314171,-3.15389e-06,
1.51681e-35,-3.01173e-34,1.51681e-35,-3.01173e-34,2.48817e-16,-2.48817e-16,-0.314171,-3.15389e-06,
-2.37859e-37,-8.71252e-35,-2.37859e-37,-8.71252e-35,1.81636e-16,-1.81636e-16,-0.314171,-3.15389e-06,
-2.04448e-36,1.51526e-35,-2.04448e-36,1.51526e-35,1.32594e-16,-1.32594e-16,-0.314171,-3.15389e-06,
-5.35294e-37,1.55623e-35,-5.35294e-37,1.55623e-35,9.6794e-17,-9.6794e-17,-0.314172,-3.15389e-06,
1.18414e-37,2.33417e-36,1.18414e-37,2.33417e-36,7.06596e-17,-7.06596e-17,-0.314172,-3.15389e-06,
1.02627e-37,-1.38344e-36,1.02627e-37,-1.38344e-36,5.15815e-17,-5.15815e-17,-0.314172,-3.15389e-06,
1.29812e-38,-6.87692e-37,1.29812e-38,-6.87692e-37,3.76545e-17,-3.76545e-17,-0.314172,-3.15389e-06,
-9.79128e-39,-1.00289e-38,-9.79128e-39,-1.00289e-38,2.74878e-17,-2.74878e-17,-0.314173,-3.15389e-06,
-4.4055e-39,8.69274e-38,-4.4055e-39,8.69274e-38,2.00661e-17,-2.00661e-17,-0.314173,-3.15389e-06,
5.68918e-41,2.53871e-38,5.68918e-41,2.53871e-38,1.46482e-17,-1.46482e-17,-0.314173,-3.15389e-06,
5.90431e-40,-4.30695e-39,5.90431e-40,-4.30695e-39,1.06932e-17,-1.06932e-17,-0.314173,-3.15389e-06,
1.56128e-40,-4.50463e-39,1.56128e-40,-4.50463e-39,7.80605e-18,-7.80605e-18,-0.314174,-3.15389e-06,
-3.37708e-41,-6.85965e-40,-3.37708e-41,-6.85965e-40,5.69842e-18,-5.69842e-18,-0.314174,-3.15389e-06,
-2.97205e-41,3.9759e-40,-2.97205e-41,3.9759e-40,4.15984e-18,-4.15984e-18,-0.314174,-3.15389e-06,
-3.82738e-42,1.99613e-40,-3.82738e-42,1.99613e-40,3.03669e-18,-3.03669e-18,-0.314174,-3.15389e-06,
2.81668e-42,3.42939e-42,2.81668e-42,3.42939e-42,2.21678e-18,-2.21678e-18,-0.314175,-3.15389e-06,
1.27948e-42,-2.50884e-41,1.27948e-42,-2.50884e-41,1.61825e-18,-1.61825e-18,-0.314175,-3.15389e-06,
-1.30037e-44,-7.39682e-42,-1.30037e-44,-7.39682e-42,1.18132e-18,-1.18132e-18,-0.314175,-3.15389e-06,
-1.70503e-43,1.22371e-42,-1.70503e-43,1.22371e-42,8.62365e-19,-8.62365e-19,-0.314175,-3.15389e-06,
-4.5533e-44,1.30384e-42,-4.5533e-44,1.30384e-42,6.29527e-19,-6.29527e-19,-0.314176,-3.15389e-06,
9.62846e-45,2.01538e-43,9.62846e-45,2.01538e-43,4.59554e-19,-4.59554e-19,-0.314176,-3.15389e-06,
8.6066e-45,-1.14252e-43,8.6066e-45,-1.14252e-43,3.35475e-19,-3.35475e-19,-0.314176,-3.15389e-06,
1.12805e-45,-5.79373e-44,1.12805e-45,-5.79373e-44,2.44897e-19,-2.44897e-19,-0.314176,-3.15389e-06,
-8.10211e-46,-1.14508e-45,-8.10211e-46,-1.14508e-45,1.78774e-19,-1.78774e-19,-0.314177,-3.15389e-06,
-3.71576e-46,7.2404e-45,-3.71576e-46,7.2404e-45,1.30505e-19,-1.30505e-19,-0.314177,-3.15389e-06,
2.76064e-48,2.15496e-45,2.76064e-48,2.15496e-45,9.52689e-20,-9.52689e-20,-0.314177,-3.15389e-06,
4.92347e-47,-3.47544e-46,4.92347e-47,-3.47544e-46,6.95463e-20,-6.95463e-20,-0.314177,-3.15389e-06,
1.32779e-47,-3.77372e-46,1.32779e-47,-3.77372e-46,5.07688e-20,-5.07688e-20,-0.314178,-3.15389e-06,
-2.7444e-48,-5.91968e-47,-2.7444e-48,-5.91968e-47,3.70612e-20,-3.70612e-20,-0.314178,-3.15389e-06,
-2.49222e-48,3.28284e-47,-2.49222e-48,3.28284e-47,2.70547e-20,-2.70547e-20,-0.314178,-3.15389e-06,
-3.32355e-49,1.68154e-47,-3.32355e-49,1.68154e-47,1.97499e-20,-1.97499e-20,-0.314178,-3.15389e-06,
2.33034e-49,3.75578e-49,2.33034e-49,3.75578e-49,1.44174e-20,-1.44174e-20,-0.314179,-3.15389e-06,
0.080206,1.2214,0.080206,1.2214,0.0352855,-0.0352855,-0.315215,-0.00958847,
0.221905,1.55973,0.221905,1.55973,0.0621703,-0.0621703,-0.315369,0.0261697,
0.295699,0.359964,0.295699,0.359964,0.0666321,-0.0666321,-0.309889,0.117124,
0.284167,-0.351878,0.284167,-0.351878,0.0567417,-0.0567417,-0.296911,0.207988,
0.228264,-0.679004,0.228264,-0.679004,0.0387815,-0.0387815,-0.27725,0.283004,
0.156541,-0.75971,0.156541,-0.75971,0.0186651,-0.0186651,-0.252499,0.336417,
0.0862606,-0.69823,0.0862606,-0.69823,0.000484901,-0.000484901,-0.22443,0.368093,
0.0264581,-0.568774,0.0264581,-0.568774,-0.0136552,0.0136552,-0.194674,0.380947,
-0.0193574,-0.419168,-0.0193574,-0.419168,-0.0231695,0.0231695,-0.164556,0.379135,
-0.0510556,-0.277446,-0.0510556,-0.277446,-0.02842,0.02842,-0.135059,0.366963,
-0.0703505,-0.157967,-0.0703505,-0.157967,-0.030242,0.030242,-0.106834,0.348281,
-0.0797655,-0.0660183,-0.0797655,-0.0660183,-0.0296109,0.0296109,-0.0802578,0.326204,
-0.0819685,-0.00121913,-0.0819685,-0.00121913,-0.0274409,0.0274409,-0.0554935,0.303045,
-0.0793836,0.0399593,-0.0793836,0.0399593,-0.024483,0.024483,-0.0325532,0.280367,
-0.074001,0.0624013,-0.074001,0.0624013,-0.0212925,0.0212925,-0.0113528,0.25911,
-0.0673207,0.0711718,-0.0673207,0.0711718,-0.0182368,0.0182368,0.00824466,0.239741,
-0.0603809,0.0708293,-0.0603809,0.0708293,-0.0155266,0.0155266,0.0263971,0.222387,
-0.0538287,0.0650951,-0.0538287,0.0650951,-0.0132532,0.0132532,0.0432624,0.206964,
-0.0480078,0.0567649,-0.0480078,0.0567649,-0.011426,0.011426,0.0589859,0.19327,
-0.0430457,0.047768,-0.0430457,0.047768,-0.0100045,0.0100045,0.0736941,0.181054,
-0.0389286,0.0393046,-0.0389286,0.0393046,-0.00892316,0.00892316,0.0874932,0.170062,
-0.0355626,0.0320117,-0.0355626,0.0320117,-0.00810885,0.00810885,0.10047,0.160067,
-0.0328176,0.0261256,-0.0328176,0.0261256,-0.0074922,0.0074922,0.112694,0.150877,
-0.0305575,0.0216233,-0.0305575,0.0216233,-0.00701371,0.00701371,0.124223,0.142343,
-0.0286582,0.0183349,-0.0286582,0.0183349,-0.00662618,0.00662618,0.135104,0.134352,
-0.0270163,0.0160251,-0.0270163,0.0160251,-0.00629477,0.00629477,0.145375,0.126825,
-0.0255521,0.0144491,-0.0255521,0.0144491,-0.00599557,0.00599557,0.15507,0.119708,
-0.0242085,0.0133852,-0.0242085,0.0133852,-0.00571354,0.00571354,0.16422,0.112963,
-0.0229474,0.0126508,-0.0229474,0.0126508,-0.00544031,0.00544031,0.172853,0.106566,
-0.0217455,0.0121074,-0.0217455,0.0121074,-0.00517214,0.00517214,0.180997,0.100501,
-0.0205906,0.0116577,-0.0205906,0.0116577,-0.00490824,0.00490824,0.188675,0.0947539,
-0.0194777,0.0112397,-0.0194777,0.0112397,-0.00464943,0.00464943,0.195914,0.0893149,
-0.0184058,0.0108185,-0.0184058,0.0108185,-0.00439727,0.00439727,0.202736,0.0841729,
-0.0173764,0.0103786,-0.0173764,0.0103786,-0.00415341,0.00415341,0.209165,0.0793169,
-0.0163914,0.00991749,-0.0163914,0.00991749,-0.00391928,0.00391928,0.215223,0.074735,
-0.0154526,0.00943979,-0.0154526,0.00943979,-0.00369591,0.00369591,0.220931,0.070415,
-0.0145611,0.00895368,-0.0145611,0.00895368,-0.00348389,0.00348389,0.226308,0.0663438,
-0.0137171,0.00846809,-0.0137171,0.00846809,-0.00328343,0.00328343,0.231375,0.0625085,
-0.01292,0.00799111,-0.01292,0.00799111,-0.00309441,0.00309441,0.236149,0.0588962,
-0.0121687,0.00752922,-0.0121687,0.00752922,-0.00291648,0.00291648,0.240647,0.055494,
-0.0114612,0.00708702,-0.0114612,0.00708702,-0.00274913,0.00274913,0.244886,0.0522897,
-0.0107954,0.00666731,-0.0107954,0.00666731,-0.00259178,0.00259178,0.248879,0.0492718,
-0.0101692,0.00627141,-0.0101692,0.00627141,-0.00244381,0.00244381,0.252643,0.0464289,
-0.00958015,0.00589947,-0.00958015,0.00589947,-0.00230459,0.00230459,0.256189,0.0437509,
-0.00902593,0.00555085,-0.00902593,0.00555085,-0.00217354,0.00217354,0.25953,0.0412278,
-0.00850437,0.00522438,-0.00850437,0.00522438,-0.00205011,0.00205011,0.262679,0.0388506,
-0.00801337,0.00491865,-0.00801337,0.00491865,-0.0019338,0.0019338,0.265647,0.0366106,
-0.00755103,0.00463215,-0.00755103,0.00463215,-0.00182415,0.00182415,0.268443,0.0344999,
-0.00711554,0.0043634,-0.00711554,0.0043634,-0.00172074,0.00172074,0.271078,0.0325109,
-0.00670527,0.00411102,-0.00670527,0.00411102,-0.0016232,0.0016232,0.273561,0.0306365,
-0.00631869,0.00387376,-0.00631869,0.00387376,-0.00153117,0.00153117,0.275901,0.0288702,
-0.00595441,0.0036505,-0.00595441,0.0036505,-0.00144435,0.00144435,0.278106,0.0272058,
-0.00561111,0.00344027,-0.00561111,0.00344027,-0.00136243,0.00136243,0.280184,0.0256372,
-0.00528757,0.0032422,-0.00528757,0.0032422,-0.00128514,0.00128514,0.282142,0.0241591,
-0.00498267,0.00305552,-0.00498267,0.00305552,-0.00121222,0.00121222,0.283988,0.0227663,
-0.00469532,0.00287954,-0.00469532,0.00287954,-0.00114343,0.00114343,0.285727,0.0214537,
-0.00442453,0.00271363,-0.00442453,0.00271363,-0.00107853,0.00107853,0.287365,0.0202168,
-0.00416934,0.00255723,-0.00416934,0.00255723,-0.0010173,0.0010173,0.288909,0.0190513,
-0.00392887,0.00240978,-0.00392887,0.00240978,-0.000959548,0.000959548,0.290364,0.017953,
-0.00370226,0.00227079,-0.00370226,0.00227079,-0.00090507,0.00090507,0.291736,0.016918,
-0.00348872,0.0021398,-0.00348872,0.0021398,-0.000853681,0.000853681,0.293028,0.0159427,
-0.00328751,0.00201634,-0.00328751,0.00201634,-0.000805209,0.000805209,0.294246,0.0150237,
-0.0030979,0.00189999,-0.0030979,0.00189999,-0.000759487,0.000759487,0.295393,0.0141576,
-0.00291924,0.00179036,-0.00291924,0.00179036,-0.00071636,0.00071636,0.296474,0.0133415,
-0.00275088,0.00168705,-0.00275088,0.00168705,-0.000675681,0.000675681,0.297493,0.0125725,
-0.00259224,0.0015897,-0.00259224,0.0015897,-0.000637311,0.000637311,0.298454,0.0118478,
-0.00244275,0.00149798,-0.00244275,0.00149798,-0.000601118,0.000601118,0.299359,0.0111649,
-0.00230189,0.00141155,-0.00230189,0.00141155,-0.000566979,0.000566979,0.300211,0.0105214,
-0.00216915,0.00133012,-0.00216915,0.00133012,-0.000534778,0.000534778,0.301015,0.00991497,
-0.00204408,0.00125339,-0.00204408,0.00125339,-0.000504405,0.000504405,0.301772,0.00934351,
-0.00192621,0.00118108,-0.00192621,0.00118108,-0.000475755,0.000475755,0.302486,0.00880501,
-0.00181515,0.00111296,-0.00181515,0.00111296,-0.000448732,0.000448732,0.303159,0.00829755,
-0.00171049,0.00104876,-0.00171049,0.00104876,-0.000423242,0.000423242,0.303792,0.00781935,
-0.00161187,0.000988267,-0.00161187,0.000988267,-0.000399199,0.000399199,0.30439,0.00736871,
-0.00151894,0.000931267,-0.00151894,0.000931267,-0.000376521,0.000376521,0.304952,0.00694406,
-0.00143136,0.000877555,-0.00143136,0.000877555,-0.00035513,0.00035513,0.305483,0.00654389,
-0.00134884,0.000826942,-0.00134884,0.000826942,-0.000334954,0.000334954,0.305983,0.00616678,
-0.00127108,0.000779249,-0.00127108,0.000779249,-0.000315923,0.000315923,0.306454,0.00581142,
-0.0011978,0.000734308,-0.0011978,0.000734308,-0.000297972,0.000297972,0.306898,0.00547654,
-0.00112875,0.00069196,-0.00112875,0.00069196,-0.000281041,0.000281041,0.307316,0.00516097,
-0.00106368,0.000652055,-0.00106368,0.000652055,-0.000265071,0.000265071,0.30771,0.00486358,
-0.00100236,0.000614452,-0.00100236,0.000614452,-0.000250008,0.000250008,0.308082,0.00458334,
-0.00094458,0.000579018,-0.00094458,0.000579018,-0.0002358,0.0002358,0.308432,0.00431925,
-0.000890131,0.000545628,-0.000890131,0.000545628,-0.000222399,0.000222399,0.308761,0.00407038,
-0.000838822,0.000514165,-0.000838822,0.000514165,-0.000209759,0.000209759,0.309072,0.00383586,
-0.000790471,0.000484517,-0.000790471,0.000484517,-0.000197836,0.000197836,0.309365,0.00361485,
-0.000744909,0.000456578,-0.000744909,0.000456578,-0.000186591,0.000186591,0.309641,0.00340659,
-0.000701973,0.000430252,-0.000701973,0.000430252,-0.000175985,0.000175985,0.309902,0.00321032,
-0.000661513,0.000405444,-0.000661513,0.000405444,-0.000165981,0.000165981,0.310147,0.00302537,
-0.000623386,0.000382067,-0.000623386,0.000382067,-0.000156545,0.000156545,0.310378,0.00285107,
-0.000587458,0.000360038,-0.000587458,0.000360038,-0.000147646,0.000147646,0.310596,0.00268683,
-0.000553601,0.00033928,-0.000553601,0.00033928,-0.000139251,0.000139251,0.310801,0.00253204,
-0.000521695,0.000319719,-0.000521695,0.000319719,-0.000131334,0.000131334,0.310994,0.00238618,
-0.00049163,0.000301287,-0.00049163,0.000301287,-0.000123867,0.000123867,0.311177,0.00224872,
-0.000463297,0.000283917,-0.000463297,0.000283917,-0.000116823,0.000116823,0.311348,0.00211918,
-0.000436598,0.000267549,-0.000436598,0.000267549,-0.00011018,0.00011018,0.31151,0.00199711,
-0.000411438,0.000252126,-0.000411438,0.000252126,-0.000103915,0.000103915,0.311663,0.00188207,
-0.000387729,0.000237591,-0.000387729,0.000237591,-9.80048e-05,9.80048e-05,0.311807,0.00177366,
-0.000365386,0.000223895,-0.000365386,0.000223895,-9.2431e-05,9.2431e-05,0.311942,0.0016715,
-0.000344331,0.000210989,-0.000344331,0.000210989,-8.71739e-05,8.71739e-05,0.31207,0.00157522,
-0.00032449,0.000198827,-0.00032449,0.000198827,-8.22155e-05,8.22155e-05,0.31219,0.00148449,
-0.000305793,0.000187366,-0.000305793,0.000187366,-7.75389e-05,7.75389e-05,0.312303,0.00139899,
-0.000288173,0.000176566,-0.000288173,0.000176566,-7.31281e-05,7.31281e-05,0.31241,0.00131841,
-0.000271569,0.000166389,-0.000271569,0.000166389,-6.8968e-05,6.8968e-05,0.312511,0.00124248,
-0.000255922,0.000156799,-0.000255922,0.000156799,-6.50443e-05,6.50443e-05,0.312606,0.00117092,
-0.000241177,0.000147761,-0.000241177,0.000147761,-6.13436e-05,6.13436e-05,0.312695,0.00110349,
-0.000227282,0.000139245,-0.000227282,0.000139245,-5.78533e-05,5.78533e-05,0.31278,0.00103994,
-0.000214187,0.00013122,-0.000214187,0.00013122,-5.45614e-05,5.45614e-05,0.312859,0.000980045,
-0.000201848,0.000123657,-0.000201848,0.000123657,-5.14566e-05,5.14566e-05,0.312934,0.000923606,
-0.000190219,0.00011653,-0.000190219,0.00011653,-4.85284e-05,4.85284e-05,0.313004,0.000870417,
-0.000179261,0.000109815,-0.000179261,0.000109815,-4.57666e-05,4.57666e-05,0.313071,0.000820293,
-0.000168934,0.000103486,-0.000168934,0.000103486,-4.31618e-05,4.31618e-05,0.313134,0.000773056,
-0.000159202,9.75225e-05,-0.000159202,9.75225e-05,-4.07051e-05,4.07051e-05,0.313193,0.00072854,
-0.000150031,9.19026e-05,-0.000150031,9.19026e-05,-3.83881e-05,3.83881e-05,0.313248,0.000686588,
-0.000141388,8.66067e-05,-0.000141388,8.66067e-05,-3.62029e-05,3.62029e-05,0.313301,0.000647053,
-0.000133244,8.16161e-05,-0.000133244,8.16161e-05,-3.41419e-05,3.41419e-05,0.31335,0.000609795,
-0.000125569,7.69131e-05,-0.000125569,7.69131e-05,-3.21981e-05,3.21981e-05,0.313397,0.000574683,
-0.000118336,7.24813e-05,-0.000118336,7.24813e-05,-3.03649e-05,3.03649e-05,0.313441,0.000541593,
-0.00011152,6.83049e-05,-0.00011152,6.83049e-05,-2.86359e-05,2.86359e-05,0.313482,0.000510409,
-0.000105096,6.43692e-05,-0.000105096,6.43692e-05,-2.70053e-05,2.70053e-05,0.313521,0.000481022,
-9.90429e-05,6.06604e-05,-9.90429e-05,6.06604e-05,-2.54674e-05,2.54674e-05,0.313558,0.000453326,
-9.33384e-05,5.71653e-05,-9.33384e-05,5.71653e-05,-2.4017e-05,2.4017e-05,0.313592,0.000427226,
-8.79626e-05,5.38717e-05,-8.79626e-05,5.38717e-05,-2.2649e-05,2.2649e-05,0.313625,0.000402629,
-8.28964e-05,5.0768e-05,-8.28964e-05,5.0768e-05,-2.13589e-05,2.13589e-05,0.313656,0.000379449,
-7.81222e-05,4.78431e-05,-7.81222e-05,4.78431e-05,-2.01422e-05,2.01422e-05,0.313685,0.000357603,
-7.3623e-05,4.50868e-05,-7.3623e-05,4.50868e-05,-1.89948e-05,1.89948e-05,0.313712,0.000337016,
-6.9383e-05,4.24893e-05,-6.9383e-05,4.24893e-05,-1.79126e-05,1.79126e-05,0.313738,0.000317614,
-6.53873e-05,4.00415e-05,-6.53873e-05,4.00415e-05,-1.68919e-05,1.68919e-05,0.313762,0.000299329,
-6.16217e-05,3.77348e-05,-6.16217e-05,3.77348e-05,-1.59294e-05,1.59294e-05,0.313785,0.000282098,
-5.80731e-05,3.5561e-05,-5.80731e-05,3.5561e-05,-1.50216e-05,1.50216e-05,0.313806,0.000265858,
-5.47289e-05,3.35125e-05,-5.47289e-05,3.35125e-05,-1.41655e-05,1.41655e-05,0.313827,0.000250554,
-5.15774e-05,3.15821e-05,-5.15774e-05,3.15821e-05,-1.33581e-05,1.33581e-05,0.313846,0.000236131,
-4.86074e-05,2.97628e-05,-4.86074e-05,2.97628e-05,-1.25967e-05,1.25967e-05,0.313864,0.000222538,
-4.58084e-05,2.80484e-05,-4.58084e-05,2.80484e-05,-1.18785e-05,1.18785e-05,0.313881,0.000209728,
-4.31707e-05,2.64328e-05,-4.31707e-05,2.64328e-05,-1.12013e-05,1.12013e-05,0.313897,0.000197656,
-4.06849e-05,2.49103e-05,-4.06849e-05,2.49103e-05,-1.05626e-05,1.05626e-05,0.313912,0.000186279,
-3.83423e-05,2.34755e-05,-3.83423e-05,2.34755e-05,-9.96032e-06,9.96032e-06,0.313926,0.000175557,
-3.61347e-05,2.21234e-05,-3.61347e-05,2.21234e-05,-9.39229e-06,9.39229e-06,0.31394,0.000165452,
-3.40541e-05,2.08492e-05,-3.40541e-05,2.08492e-05,-8.8566e-06,8.8566e-06,0.313952,0.000155929,
-3.20934e-05,1.96484e-05,-3.20934e-05,1.96484e-05,-8.35141e-06,8.35141e-06,0.313964,0.000146954,
-3.02457e-05,1.85168e-05,-3.02457e-05,1.85168e-05,-7.87499e-06,7.87499e-06,0.313975,0.000138496,
-2.85043e-05,1.74503e-05,-2.85043e-05,1.74503e-05,-7.42569e-06,7.42569e-06,0.313986,0.000130524,
-2.68633e-05,1.64453e-05,-2.68633e-05,1.64453e-05,-7.00199e-06,7.00199e-06,0.313996,0.000123012,
-2.53167e-05,1.54983e-05,-2.53167e-05,1.54983e-05,-6.60241e-06,6.60241e-06,0.314005,0.000115932,
-2.38592e-05,1.46057e-05,-2.38592e-05,1.46057e-05,-6.2256e-06,6.2256e-06,0.314014,0.00010926,
-2.24857e-05,1.37646e-05,-2.24857e-05,1.37646e-05,-5.87025e-06,5.87025e-06,0.314023,0.000102972,
-2.11912e-05,1.2972e-05,-2.11912e-05,1.2972e-05,-5.53514e-06,5.53514e-06,0.31403,9.70458e-05,
-1.99713e-05,1.2225e-05,-1.99713e-05,1.2225e-05,-5.21912e-06,5.21912e-06,0.314038,9.14608e-05,
-1.88216e-05,1.1521e-05,-1.88216e-05,1.1521e-05,-4.92111e-06,4.92111e-06,0.314045,8.61972e-05,
-1.77382e-05,1.08576e-05,-1.77382e-05,1.08576e-05,-4.64008e-06,4.64008e-06,0.314051,8.12367e-05,
-1.67171e-05,1.02324e-05,-1.67171e-05,1.02324e-05,-4.37507e-06,4.37507e-06,0.314058,7.65616e-05,
-1.57548e-05,9.64321e-06,-1.57548e-05,9.64321e-06,-4.12515e-06,4.12515e-06,0.314063,7.21557e-05,
-1.48479e-05,9.08796e-06,-1.48479e-05,9.08796e-06,-3.88948e-06,3.88948e-06,0.314069,6.80034e-05,
-1.39933e-05,8.56469e-06,-1.39933e-05,8.56469e-06,-3.66724e-06,3.66724e-06,0.314074,6.40901e-05,
-1.31878e-05,8.07156e-06,-1.31878e-05,8.07156e-06,-3.45767e-06,3.45767e-06,0.314079,6.0402e-05,
-1.24288e-05,7.60683e-06,-1.24288e-05,7.60683e-06,-3.26005e-06,3.26005e-06,0.314084,5.69262e-05,
-1.17134e-05,7.16887e-06,-1.17134e-05,7.16887e-06,-3.0737e-06,3.0737e-06,0.314088,5.36504e-05,
-1.10392e-05,6.75613e-06,-1.10392e-05,6.75613e-06,-2.89797e-06,2.89797e-06,0.314092,5.05632e-05,
-1.04038e-05,6.36717e-06,-1.04038e-05,6.36717e-06,-2.73226e-06,2.73226e-06,0.314096,4.76537e-05,
-9.80504e-06,6.0006e-06,-9.80504e-06,6.0006e-06,-2.57601e-06,2.57601e-06,0.3141,4.49116e-05,
-9.24073e-06,5.65514e-06,-9.24073e-06,5.65514e-06,-2.42866e-06,2.42866e-06,0.314103,4.23273e-05,
-8.7089e-06,5.32958e-06,-8.7089e-06,5.32958e-06,-2.28972e-06,2.28972e-06,0.314106,3.98917e-05,
-8.20769e-06,5.02277e-06,-8.20769e-06,5.02277e-06,-2.15871e-06,2.15871e-06,0.314109,3.75964e-05,
-7.73533e-06,4.73362e-06,-7.73533e-06,4.73362e-06,-2.03517e-06,2.03517e-06,0.314112,3.54331e-05,
-7.29016e-06,4.46113e-06,-7.29016e-06,4.46113e-06,-1.91868e-06,1.91868e-06,0.314115,3.33943e-05,
-6.87062e-06,4.20432e-06,-6.87062e-06,4.20432e-06,-1.80884e-06,1.80884e-06,0.314117,3.14728e-05,
-6.47523e-06,3.96231e-06,-6.47523e-06,3.96231e-06,-1.70527e-06,1.70527e-06,0.31412,2.96619e-05,
-6.1026e-06,3.73423e-06,-6.1026e-06,3.73423e-06,-1.60761e-06,1.60761e-06,0.314122,2.79552e-05,
-5.75142e-06,3.51928e-06,-5.75142e-06,3.51928e-06,-1.51552e-06,1.51552e-06,0.314124,2.63468e-05,
-5.42045e-06,3.31671e-06,-5.42045e-06,3.31671e-06,-1.4287e-06,1.4287e-06,0.314126,2.48309e-05,
-5.10854e-06,3.1258e-06,-5.10854e-06,3.1258e-06,-1.34683e-06,1.34683e-06,0.314128,2.34022e-05,
-4.81457e-06,2.94588e-06,-4.81457e-06,2.94588e-06,-1.26963e-06,1.26963e-06,0.31413,2.20557e-05,
-4.53753e-06,2.77633e-06,-4.53753e-06,2.77633e-06,-1.19685e-06,1.19685e-06,0.314132,2.07867e-05,
-4.27643e-06,2.61653e-06,-4.27643e-06,2.61653e-06,-1.12822e-06,1.12822e-06,0.314133,1.95907e-05,
-4.03036e-06,2.46594e-06,-4.03036e-06,2.46594e-06,-1.06352e-06,1.06352e-06,0.314135,1.84636e-05,
-3.79845e-06,2.32401e-06,-3.79845e-06,2.32401e-06,-1.00251e-06,1.00251e-06,0.314136,1.74013e-05,
-3.57989e-06,2.19026e-06,-3.57989e-06,2.19026e-06,-9.44991e-07,9.44991e-07,0.314137,1.64001e-05,
-3.37391e-06,2.06421e-06,-3.37391e-06,2.06421e-06,-8.90759e-07,8.90759e-07,0.314139,1.54565e-05,
-3.17978e-06,1.94541e-06,-3.17978e-06,1.94541e-06,-8.39626e-07,8.39626e-07,0.31414,1.45672e-05,
-2.99683e-06,1.83345e-06,-2.99683e-06,1.83345e-06,-7.91418e-07,7.91418e-07,0.314141,1.37291e-05,
-2.8244e-06,1.72794e-06,-2.8244e-06,1.72794e-06,-7.45966e-07,7.45966e-07,0.314142,1.29392e-05,
-2.6619e-06,1.6285e-06,-2.6619e-06,1.6285e-06,-7.03115e-07,7.03115e-07,0.314143,1.21948e-05,
-2.50874e-06,1.53479e-06,-2.50874e-06,1.53479e-06,-6.62714e-07,6.62714e-07,0.314144,1.14931e-05,
-2.36441e-06,1.44647e-06,-2.36441e-06,1.44647e-06,-6.24626e-07,6.24626e-07,0.314145,1.08319e-05,
-2.22837e-06,1.36323e-06,-2.22837e-06,1.36323e-06,-5.88717e-07,5.88717e-07,0.314146,1.02087e-05,
-2.10017e-06,1.28478e-06,-2.10017e-06,1.28478e-06,-5.54864e-07,5.54864e-07,0.314146,9.62134e-06,
-1.97934e-06,1.21085e-06,-1.97934e-06,1.21085e-06,-5.22948e-07,5.22948e-07,0.314147,9.06778e-06,
-1.86547e-06,1.14118e-06,-1.86547e-06,1.14118e-06,-4.92861e-07,4.92861e-07,0.314148,8.54607e-06,
-1.75814e-06,1.07551e-06,-1.75814e-06,1.07551e-06,-4.64496e-07,4.64496e-07,0.314149,8.05437e-06,
-1.657e-06,1.01363e-06,-1.657e-06,1.01363e-06,-4.37757e-07,4.37757e-07,0.314149,7.59096e-06,
-1.56167e-06,9.55306e-07,-1.56167e-06,9.55306e-07,-4.12549e-07,4.12549e-07,0.31415,7.15421e-06,
-1.47183e-06,9.00339e-07,-1.47183e-06,9.00339e-07,-3.88786e-07,3.88786e-07,0.31415,6.74259e-06,
-1.38715e-06,8.48536e-07,-1.38715e-06,8.48536e-07,-3.66386e-07,3.66386e-07,0.314151,6.35464e-06,
-1.30735e-06,7.99715e-07,-1.30735e-06,7.99715e-07,-3.45269e-07,3.45269e-07,0.314151,5.98902e-06,
-1.23214e-06,7.53703e-07,-1.23214e-06,7.53703e-07,-3.25364e-07,3.25364e-07,0.314152,5.64443e-06,
-1.16126e-06,7.10339e-07,-1.16126e-06,7.10339e-07,-3.066e-07,3.066e-07,0.314152,5.31966e-06,
-1.09446e-06,6.69471e-07,-1.09446e-06,6.69471e-07,-2.88913e-07,2.88913e-07,0.314153,5.01358e-06,
-1.0315e-06,6.30954e-07,-1.0315e-06,6.30954e-07,-2.72241e-07,2.72241e-07,0.314153,4.72511e-06,
-9.72157e-07,5.94654e-07,-9.72157e-07,5.94654e-07,-2.56527e-07,2.56527e-07,0.314153,4.45323e-06,
-9.16232e-07,5.60443e-07,-9.16232e-07,5.60443e-07,-2.41714e-07,2.41714e-07,0.314154,4.19699e-06,
-8.63525e-07,5.282e-07,-8.63525e-07,5.282e-07,-2.27752e-07,2.27752e-07,0.314154,3.95549e-06,
-8.1385e-07,4.97813e-07,-8.1385e-07,4.97813e-07,-2.14592e-07,2.14592e-07,0.314154,3.72788e-06,
-7.67033e-07,4.69175e-07,-7.67033e-07,4.69175e-07,-2.02189e-07,2.02189e-07,0.314155,3.51337e-06,
-7.22908e-07,4.42184e-07,-7.22908e-07,4.42184e-07,-1.90498e-07,1.90498e-07,0.314155,3.3112e-06,
-2.98894e-07,6.2405e-06,-2.98894e-07,6.2405e-06,-1.39064e-07,1.39064e-07,0.314155,3.07448e-06,
1.15057e-08,1.67094e-06,1.15057e-08,1.67094e-06,-1.01516e-07,1.01516e-07,0.314155,3.11318e-06,
4.2176e-08,-3.51187e-07,4.2176e-08,-3.51187e-07,-7.4107e-08,7.4107e-08,0.314156,3.15428e-06,
1.01819e-08,-3.15243e-07,1.01819e-08,-3.15243e-07,-5.40981e-08,5.40981e-08,0.314156,3.16026e-06,
-2.68123e-09,-4.1512e-08,-2.68123e-09,-4.1512e-08,-3.94916e-08,3.94916e-08,0.314156,3.15629e-06,
-2.07087e-09,2.96228e-08,-2.07087e-09,2.96228e-08,-2.88289e-08,2.88289e-08,0.314156,3.15422e-06,
-2.2388e-10,1.36205e-08,-2.2388e-10,1.36205e-08,-2.10451e-08,2.10451e-08,0.314157,3.15403e-06,
2.08118e-10,-9.12388e-11,2.08118e-10,-9.12388e-11,-1.53629e-08,1.53629e-08,0.314157,3.15414e-06,
8.68526e-11,-1.80199e-09,8.68526e-11,-1.80199e-09,-1.12149e-08,1.12149e-08,0.314157,3.15412e-06,
-3.08962e-12,-4.87249e-10,-3.08962e-12,-4.87249e-10,-8.18689e-09,8.18689e-09,0.314157,3.15405e-06,
-1.21852e-11,1.00091e-10,-1.21852e-11,1.00091e-10,-5.97643e-09,5.97643e-09,0.314158,3.15399e-06,
-2.97229e-12,9.1284e-11,-2.97229e-12,9.1284e-11,-4.36279e-09,4.36279e-09,0.314158,3.15396e-06,
7.6617e-13,1.22294e-11,7.6617e-13,1.22294e-11,-3.18484e-09,3.18484e-09,0.314158,3.15393e-06,
5.99947e-13,-8.51993e-12,5.99947e-13,-8.51993e-12,-2.32493e-09,2.32493e-09,0.314158,3.15392e-06,
6.62429e-14,-3.95527e-12,6.62429e-14,-3.95527e-12,-1.6972e-09,1.6972e-09,0.314159,3.1539e-06,
-5.99103e-14,1.5764e-14,-5.99103e-14,1.5764e-14,-1.23896e-09,1.23896e-09,0.314159,3.15389e-06,
-2.52361e-14,5.20309e-13,-2.52361e-14,5.20309e-13,-9.04438e-10,9.04438e-10,0.314159,3.15389e-06,
8.24536e-16,1.42069e-13,8.24536e-16,1.42069e-13,-6.6024e-10,6.6024e-10,0.314159,3.15388e-06,
3.5203e-15,-2.85181e-14,3.5203e-15,-2.85181e-14,-4.81975e-10,4.81975e-10,0.31416,3.15388e-06,
8.67568e-16,-2.64316e-14,8.67568e-16,-2.64316e-14,-3.51842e-10,3.51842e-10,0.31416,3.15387e-06,
-2.18887e-16,-3.60154e-15,-2.18887e-16,-3.60154e-15,-2.56845e-10,2.56845e-10,0.31416,3.15387e-06,
-1.73801e-16,2.45022e-15,-1.73801e-16,2.45022e-15,-1.87497e-10,1.87497e-10,0.31416,3.15387e-06,
-1.95903e-17,1.14851e-15,-1.95903e-17,1.14851e-15,-1.36872e-10,1.36872e-10,0.314161,3.15387e-06,
1.72448e-17,-1.47968e-18,1.72448e-17,-1.47968e-18,-9.99169e-11,9.99169e-11,0.314161,3.15387e-06,
7.33225e-18,-1.50227e-16,7.33225e-18,-1.50227e-16,-7.29393e-11,7.29393e-11,0.314161,3.15387e-06,
-2.18448e-19,-4.14198e-17,-2.18448e-19,-4.14198e-17,-5.32457e-11,5.32457e-11,0.314161,3.15387e-06,
-1.01696e-18,8.12291e-18,-1.01696e-18,8.12291e-18,-3.88694e-11,3.88694e-11,0.314162,3.15387e-06,
-2.53203e-19,7.65301e-18,-2.53203e-19,7.65301e-18,-2.83746e-11,2.83746e-11,0.314162,3.15387e-06,
6.25194e-20,1.0603e-18,6.25194e-20,1.0603e-18,-2.07135e-11,2.07135e-11,0.314162,3.15387e-06,
5.03467e-20,-7.04589e-19,5.03467e-20,-7.04589e-19,-1.51208e-11,1.51208e-11,0.314162,3.15387e-06,
5.79074e-21,-3.33481e-19,5.79074e-21,-3.33481e-19,-1.10382e-11,1.10382e-11,0.314163,3.15387e-06,
-4.9634e-21,-4.64677e-22,-4.9634e-21,-4.64677e-22,-8.0579e-12,8.0579e-12,0.314163,3.15387e-06,
-2.13023e-21,4.33719e-20,-2.13023e-21,4.33719e-20,-5.88227e-12,5.88227e-12,0.314163,3.15387e-06,
5.73728e-23,1.20746e-20,5.73728e-23,1.20746e-20,-4.29406e-12,4.29406e-12,0.314163,3.15387e-06,
2.93768e-22,-2.31294e-21,2.93768e-22,-2.31294e-21,-3.13466e-12,3.13466e-12,0.314164,3.15387e-06,
7.38898e-23,-2.21575e-21,7.38898e-23,-2.21575e-21,-2.2883e-12,2.2883e-12,0.314164,3.15387e-06,
-1.78529e-23,-3.12053e-22,-1.78529e-23,-3.12053e-22,-1.67046e-12,1.67046e-12,0.314164,3.15387e-06,
-1.45837e-23,2.02593e-22,-1.45837e-23,2.02593e-22,-1.21944e-12,1.21944e-12,0.314164,3.15387e-06,
-1.71089e-24,9.68238e-23,-1.71089e-24,9.68238e-23,-8.90188e-13,8.90188e-13,0.314165,3.15387e-06,
1.42845e-24,3.93114e-25,1.42845e-24,3.93114e-25,-6.49838e-13,6.49838e-13,0.314165,3.15387e-06,
6.18856e-25,-1.25212e-23,6.18856e-25,-1.25212e-23,-4.74381e-13,4.74381e-13,0.314165,3.15387e-06,
-1.49094e-26,-3.51965e-24,-1.49094e-26,-3.51965e-24,-3.46298e-13,3.46298e-13,0.314165,3.15387e-06,
-8.48561e-26,6.58374e-25,-8.48561e-26,6.58374e-25,-2.52798e-13,2.52798e-13,0.314166,3.15387e-06,
-2.15603e-26,6.41488e-25,-2.15603e-26,6.41488e-25,-1.84542e-13,1.84542e-13,0.314166,3.15387e-06,
5.09678e-27,9.18111e-26,5.09678e-27,9.18111e-26,-1.34716e-13,1.34716e-13,0.314166,3.15387e-06,
4.22422e-27,-5.82467e-26,4.22422e-27,-5.82467e-26,-9.83427e-14,9.83427e-14,0.314166,3.15387e-06,
5.05264e-28,-2.81106e-26,5.05264e-28,-2.81106e-26,-7.17901e-14,7.17901e-14,0.314167,3.15387e-06,
-4.11067e-28,-1.8868e-28,-4.11067e-28,-1.8868e-28,-5.24068e-14,5.24068e-14,0.314167,3.15387e-06,
-1.79774e-28,3.61459e-27,-1.79774e-28,3.61459e-27,-3.8257e-14,3.8257e-14,0.314167,3.15387e-06,
3.82382e-30,1.02585e-27,3.82382e-30,1.02585e-27,-2.79276e-14,2.79276e-14,0.314167,3.15387e-06,
2.45097e-29,-1.87341e-28,2.45097e-29,-1.87341e-28,-2.03871e-14,2.03871e-14,0.314168,3.15387e-06,
6.2904e-30,-1.8571e-28,6.2904e-30,-1.8571e-28,-1.48826e-14,1.48826e-14,0.314168,3.15387e-06,
-1.45471e-30,-2.70042e-29,-1.45471e-30,-2.70042e-29,-1.08643e-14,1.08643e-14,0.314168,3.15387e-06,
-1.2235e-30,1.67447e-29,-1.2235e-30,1.67447e-29,-7.93094e-15,7.93094e-15,0.314168,3.15387e-06,
-1.49151e-31,8.16081e-30,-1.49151e-31,8.16081e-30,-5.78959e-15,5.78959e-15,0.314169,3.15387e-06,
1.18284e-31,7.63013e-32,1.18284e-31,7.63013e-32,-4.2264e-15,4.2264e-15,0.314169,3.15387e-06,
5.22205e-32,-1.04339e-30,5.22205e-32,-1.04339e-30,-3.08527e-15,3.08527e-15,0.314169,3.15387e-06,
-9.64344e-34,-2.98973e-31,-9.64344e-34,-2.98973e-31,-2.25225e-15,2.25225e-15,0.314169,3.15387e-06,
-7.07898e-33,5.32891e-32,-7.07898e-33,5.32891e-32,-1.64414e-15,1.64414e-15,0.31417,3.15387e-06,
-1.83508e-33,5.37604e-32,-1.83508e-33,5.37604e-32,-1.20022e-15,1.20022e-15,0.31417,3.15387e-06,
4.15093e-34,7.94038e-33,4.15093e-34,7.94038e-33,-8.76163e-16,8.76163e-16,0.31417,3.15387e-06,
3.54357e-34,-4.81325e-33,3.54357e-34,-4.81325e-33,-6.39599e-16,6.39599e-16,0.31417,3.15387e-06,
4.40103e-35,-2.36905e-33,4.40103e-35,-2.36905e-33,-4.66907e-16,4.66907e-16,0.314171,3.15387e-06,
-3.40329e-35,-2.83655e-35,-3.40329e-35,-2.83655e-35,-3.40842e-16,3.40842e-16,0.314171,3.15387e-06,
-1.5168e-35,3.01171e-34,-1.5168e-35,3.01171e-34,-2.48815e-16,2.48815e-16,0.314171,3.15387e-06,
2.37857e-37,8.71245e-35,2.37857e-37,8.71245e-35,-1.81635e-16,1.81635e-16,0.314171,3.15387e-06,
2.04447e-36,-1.51525e-35,2.04447e-36,-1.51525e-35,-1.32593e-16,1.32593e-16,0.314171,3.15387e-06,
5.3529e-37,-1.55621e-35,5.3529e-37,-1.55621e-35,-9.67932e-17,9.67932e-17,0.314172,3.15387e-06,
-1.18413e-37,-2.33415e-36,-1.18413e-37,-2.33415e-36,-7.0659e-17,7.0659e-17,0.314172,3.15387e-06,
-1.02626e-37,1.38343e-36,-1.02626e-37,1.38343e-36,-5.15811e-17,5.15811e-17,0.314172,3.15387e-06,
-1.29811e-38,6.87687e-37,-1.29811e-38,6.87687e-37,-3.76542e-17,3.76542e-17,0.314172,3.15387e-06,
9.7912e-39,1.00288e-38,9.7912e-39,1.00288e-38,-2.74876e-17,2.74876e-17,0.314173,3.15387e-06,
4.40547e-39,-8.69267e-38,4.40547e-39,-8.69267e-38,-2.00659e-17,2.00659e-17,0.314173,3.15387e-06,
-5.68913e-41,-2.53869e-38,-5.68913e-41,-2.53869e-38,-1.46481e-17,1.46481e-17,0.314173,3.15387e-06,
-5.90426e-40,4.30691e-39,-5.90426e-40,4.30691e-39,-1.06931e-17,1.06931e-17,0.314173,3.15387e-06,
-1.56127e-40,4.50459e-39,-1.56127e-40,4.50459e-39,-7.80599e-18,7.80599e-18,0.314174,3.15387e-06,
3.37705e-41,6.8596e-40,3.37705e-41,6.8596e-40,-5.69837e-18,5.69837e-18,0.314174,3.15387e-06,
2.97203e-41,-3.97587e-40,2.97203e-41,-3.97587e-40,-4.15981e-18,4.15981e-18,0.314174,3.15387e-06,
3.82735e-42,-1.99611e-40,3.82735e-42,-1.99611e-40,-3.03666e-18,3.03666e-18,0.314174,3.15387e-06,
-2.81666e-42,-3.42937e-42,-2.81666e-42,-3.42937e-42,-2.21676e-18,2.21676e-18,0.314175,3.15387e-06,
-1.27947e-42,2.50881e-41,-1.27947e-42,2.50881e-41,-1.61824e-18,1.61824e-18,0.314175,3.15387e-06,
1.30036e-44,7.39676e-42,1.30036e-44,7.39676e-42,-1.18131e-18,1.18131e-18,0.314175,3.15387e-06,
1.70502e-43,-1.2237e-42,1.70502e-43,-1.2237e-42,-8.62358e-19,8.62358e-19,0.314175,3.15387e-06,
4.55327e-44,-1.30383e-42,4.55327e-44,-1.30383e-42,-6.29522e-19,6.29522e-19,0.314176,3.15387e-06,
-9.62838e-45,-2.01536e-43,-9.62838e-45,-2.01536e-43,-4.59551e-19,4.59551e-19,0.314176,3.15387e-06,
-8.60654e-45,1.14251e-43,-8.60654e-45,1.14251e-43,-3.35472e-19,3.35472e-19,0.314176,3.15387e-06,
-1.12804e-45,5.79369e-44,-1.12804e-45,5.79369e-44,-2.44895e-19,2.44895e-19,0.314176,3.15387e-06,
8.10204e-46,1.14507e-45,8.10204e-46,1.14507e-45,-1.78773e-19,1.78773e-19,0.314177,3.15387e-06,
3.71573e-46,-7.24034e-45,3.71573e-46,-7.24034e-45,-1.30504e-19,1.30504e-19,0.314177,3.15387e-06,
-2.76062e-48,-2.15494e-45,-2.76062e-48,-2.15494e-45,-9.52682e-20,9.52682e-20,0.314177,3.15387e-06,
-4.92343e-47,3.47541e-46,-4.92343e-47,3.47541e-46,-6.95458e-20,6.95458e-20,0.314177,3.15387e-06,
-1.32778e-47,3.77369e-46,-1.32778e-47,3.77369e-46,-5.07684e-20,5.07684e-20,0.314178,3.15387e-06,
2.74438e-48,5.91964e-47,2.74438e-48,5.91964e-47,-3.70609e-20,3.70609e-20,0.314178,3.15387e-06,
2.4922e-48,-3.28281e-47,2.4922e-48,-3.28281e-47,-2.70545e-20,2.70545e-20,0.314178,3.15387e-06,
3.32352e-49,-1.68152e-47,3.32352e-49,-1.68152e-47,-1.97498e-20,1.97498e-20,0.314178,3.15387e-06,
-2.33032e-49,-3.75575e-49,-2.33032e-49,-3.75575e-49,-1.44173e-20,1.44173e-20,0.314179,3.15387e-06,
-0.080206,-1.2214,-0.080206,-1.2214,-0.0352855,0.0352855,0.315215,0.00958847,
-0.221905,-1.55973,-0.221905,-1.55973,-0.0621703,0.0621703,0.315369,-0.0261697,
-0.295699,-0.359964,-0.295699,-0.359964,-0.0666321,0.0666321,0.309889,-0.117124,
-0.284167,0.351878,-0.284167,0.351878,-0.0567417,0.0567417,0.296911,-0.207988,
-0.228264,0.679004,-0.228264,0.679004,-0.0387815,0.0387815,0.27725,-0.283004,
-0.156541,0.75971,-0.156541,0.75971,-0.0186651,0.0186651,0.252499,-0.336417,
-0.0862606,0.69823,-0.0862606,0.69823,-0.000484901,0.000484901,0.22443,-0.368093,
-0.0264581,0.568774,-0.0264581,0.568774,0.0136552,-0.0136552,0.194674,-0.380947,
0.0193574,0.419168,0.0193574,0.419168,0.0231695,-0.0231695,0.164556,-0.379135,
0.0510556,0.277446,0.0510556,0.277446,0.02842,-0.02842,0.135059,-0.366963,
0.0703505,0.157967,0.0703505,0.157967,0.030242,-0.030242,0.106834,-0.348281,
0.0797655,0.0660183,0.0797655,0.0660183,0.0296109,-0.0296109,0.0802578,-0.326204,
0.0819685,0.00121913,0.0819685,0.00121913,0.0274409,-0.0274409,0.0554935,-0.303045,
0.0793836,-0.0399593,0.0793836,-0.0399593,0.024483,-0.024483,0.0325532,-0.280367,
0.074001,-0.0624013,0.074001,-0.0624013,0.0212925,-0.0212925,0.0113528,-0.25911,
0.0673207,-0.0711718,0.0673207,-0.0711718,0.0182368,-0.0182368,-0.00824466,-0.239741,
0.0603809,-0.0708293,0.0603809,-0.0708293,0.0155266,-0.0155266,-0.0263971,-0.222387,
0.0538287,-0.0650951,0.0538287,-0.0650951,0.0132532,-0.0132532,-0.0432624,-0.206964,
0.0480078,-0.0567649,0.0480078,-0.0567649,0.011426,-0.011426,-0.0589859,-0.19327,
0.0430457,-0.047768,0.0430457,-0.047768,0.0100045,-0.0100045,-0.0736941,-0.181054,
0.0389286,-0.0393046,0.0389286,-0.0393046,0.00892316,-0.00892316,-0.0874932,-0.170062,
0.0355626,-0.0320117,0.0355626,-0.0320117,0.00810885,-0.00810885,-0.10047,-0.160067,
0.0328176,-0.0261256,0.0328176,-0.0261256,0.0074922,-0.0074922,-0.112694,-0.150877,
0.0305575,-0.0216233,0.0305575,-0.0216233,0.00701371,-0.00701371,-0.124223,-0.142343,
0.0286582,-0.0183349,0.0286582,-0.0183349,0.00662618,-0.00662618,-0.135104,-0.134352,
0.0270163,-0.0160251,0.0270163,-0.0160251,0.00629477,-0.00629477,-0.145375,-0.126825,
0.0255521,-0.0144491,0.0255521,-0.0144491,0.00599557,-0.00599557,-0.15507,-0.119708,
0.0242085,-0.0133852,0.0242085,-0.0133852,0.00571354,-0.00571354,-0.16422,-0.112963,
0.0229474,-0.0126508,0.0229474,-0.0126508,0.00544031,-0.00544031,-0.172853,-0.106566,
0.0217455,-0.0121074,0.0217455,-0.0121074,0.00517214,-0.00517214,-0.180997,-0.100501,
0.0205906,-0.0116577,0.0205906,-0.0116577,0.00490824,-0.00490824,-0.188675,-0.0947539,
0.0194777,-0.0112397,0.0194777,-0.0112397,0.00464943,-0.00464943,-0.195914,-0.0893149,
0.0184058,-0.0108185,0.0184058,-0.0108185,0.00439727,-0.00439727,-0.202736,-0.0841729,
0.0173764,-0.0103786,0.0173764,-0.0103786,0.00415341,-0.00415341,-0.209165,-0.0793169,
0.0163914,-0.00991749,0.0163914,-0.00991749,0.00391928,-0.00391928,-0.215223,-0.074735,
0.0154526,-0.00943979,0.0154526,-0.00943979,0.00369591,-0.00369591,-0.220931,-0.070415,
0.0145611,-0.00895368,0.0145611,-0.00895368,0.00348389,-0.00348389,-0.226308,-0.0663438,
0.0137171,-0.00846809,0.0137171,-0.00846809,0.00328343,-0.00328343,-0.231375,-0.0625085,
0.01292,-0.00799111,0.01292,-0.00799111,0.00309441,-0.00309441,-0.236149,-0.0588962,
0.0121687,-0.00752922,0.0121687,-0.00752922,0.00291648,-0.00291648,-0.240647,-0.055494,
0.0114612,-0.00708702,0.0114612,-0.00708702,0.00274913,-0.00274913,-0.244886,-0.0522897,
0.0107954,-0.00666731,0.0107954,-0.00666731,0.00259178,-0.00259178,-0.248879,-0.0492718,
0.0101692,-0.00627141,0.0101692,-0.00627141,0.00244381,-0.00244381,-0.252643,-0.0464289,
0.00958015,-0.00589947,0.00958015,-0.00589947,0.00230459,-0.00230459,-0.256189,-0.0437509,
0.00902593,-0.00555085,0.00902593,-0.00555085,0.00217354,-0.00217354,-0.25953,-0.0412278,
0.00850437,-0.00522438,0.00850437,-0.00522438,0.00205011,-0.00205011,-0.262679,-0.0388506,
0.00801337,-0.00491865,0.00801337,-0.00491865,0.0019338,-0.0019338,-0.265647,-0.0366106,
0.00755103,-0.00463215,0.00755103,-0.00463215,0.00182415,-0.00182415,-0.268443,-0.0344999,
0.00711554,-0.0043634,0.00711554,-0.0043634,0.00172074,-0.00172074,-0.271078,-0.0325109,
0.00670527,-0.00411102,0.00670527,-0.00411102,0.0016232,-0.0016232,-0.273561,-0.0306365,
0.00631869,-0.00387376,0.00631869,-0.00387376,0.00153117,-0.00153117,-0.275901,-0.0288702,
0.00595441,-0.0036505,0.00595441,-0.0036505,0.00144435,-0.00144435,-0.278106,-0.0272058,
0.00561111,-0.00344027,0.00561111,-0.00344027,0.00136243,-0.00136243,-0.280184,-0.0256372,
0.00528757,-0.0032422,0.00528757,-0.0032422,0.00128514,-0.00128514,-0.282142,-0.0241591,
0.00498267,-0.00305552,0.00498267,-0.00305552,0.00121222,-0.00121222,-0.283988,-0.0227663,
0.00469532,-0.00287954,0.00469532,-0.00287954,0.00114343,-0.00114343,-0.285727,-0.0214537,
0.00442453,-0.00271363,0.00442453,-0.00271363,0.00107853,-0.00107853,-0.287365,-0.0202168,
0.00416934,-0.00255723,0.00416934,-0.00255723,0.0010173,-0.0010173,-0.288909,-0.0190513,
0.00392887,-0.00240978,0.00392887,-0.00240978,0.000959548,-0.000959548,-0.290364,-0.017953,
0.00370226,-0.00227079,0.00370226,-0.00227079,0.00090507,-0.00090507,-0.291736,-0.016918,
0.00348872,-0.0021398,0.00348872,-0.0021398,0.000853681,-0.000853681,-0.293028,-0.0159427,
0.00328751,-0.00201634,0.00328751,-0.00201634,0.000805209,-0.000805209,-0.294246,-0.0150237,
0.0030979,-0.00189999,0.0030979,-0.00189999,0.000759487,-0.000759487,-0.295393,-0.0141576,
0.00291924,-0.00179036,0.00291924,-0.00179036,0.00071636,-0.00071636,-0.296474,-0.0133415,
0.00275088,-0.00168705,0.00275088,-0.00168705,0.000675681,-0.000675681,-0.297493,-0.0125725,
0.00259224,-0.0015897,0.00259224,-0.0015897,0.000637311,-0.000637311,-0.298454,-0.0118478,
0.00244275,-0.00149798,0.00244275,-0.00149798,0.000601118,-0.000601118,-0.299359,-0.0111649,
0.00230189,-0.00141155,0.00230189,-0.00141155,0.000566979,-0.000566979,-0.300211,-0.0105214,
0.00216915,-0.00133012,0.00216915,-0.00133012,0.000534778,-0.000534778,-0.301015,-0.00991497,
0.00204408,-0.00125339,0.00204408,-0.00125339,0.000504405,-0.000504405,-0.301772,-0.00934351,
0.00192621,-0.00118108,0.00192621,-0.00118108,0.000475755,-0.000475755,-0.302486,-0.00880501,
0.00181515,-0.00111296,0.00181515,-0.00111296,0.000448732,-0.000448732,-0.303159,-0.00829755,
0.00171049,-0.00104876,0.00171049,-0.00104876,0.000423242,-0.000423242,-0.303792,-0.00781935,
0.00161187,-0.000988267,0.00161187,-0.000988267,0.000399199,-0.000399199,-0.30439,-0.00736871,
0.00151894,-0.000931267,0.00151894,-0.000931267,0.000376521,-0.000376521,-0.304952,-0.00694406,
0.00143136,-0.000877555,0.00143136,-0.000877555,0.00035513,-0.00035513,-0.305483,-0.00654389,
0.00134884,-0.000826942,0.00134884,-0.000826942,0.000334954,-0.000334954,-0.305983,-0.00616678,
0.00127108,-0.000779249,0.00127108,-0.000779249,0.000315923,-0.000315923,-0.306454,-0.00581142,
0.0011978,-0.000734308,0.0011978,-0.000734308,0.000297972,-0.000297972,-0.306898,-0.00547654,
0.00112875,-0.00069196,0.00112875,-0.00069196,0.000281041,-0.000281041,-0.307316,-0.00516097,
0.00106368,-0.000652055,0.00106368,-0.000652055,0.000265071,-0.000265071,-0.30771,-0.00486358,
0.00100236,-0.000614452,0.00100236,-0.000614452,0.000250008,-0.000250008,-0.308082,-0.00458334,
0.00094458,-0.000579018,0.00094458,-0.000579018,0.0002358,-0.0002358,-0.308432,-0.00431925,
0.000890131,-0.000545628,0.000890131,-0.000545628,0.000222399,-0.000222399,-0.308761,-0.00407038,
0.000838822,-0.000514165,0.000838822,-0.000514165,0.000209759,-0.000209759,-0.309072,-0.00383586,
0.000790471,-0.000484517,0.000790471,-0.000484517,0.000197836,-0.000197836,-0.309365,-0.00361485,
0.000744909,-0.000456578,0.000744909,-0.000456578,0.000186591,-0.000186591,-0.309641,-0.00340659,
0.000701973,-0.000430252,0.000701973,-0.000430252,0.000175985,-0.000175985,-0.309902,-0.00321032,
0.000661513,-0.000405444,0.000661513,-0.000405444,0.000165981,-0.000165981,-0.310147,-0.00302537,
0.000623386,-0.000382067,0.000623386,-0.000382067,0.000156545,-0.000156545,-0.310378,-0.00285107,
0.000587458,-0.000360038,0.000587458,-0.000360038,0.000147646,-0.000147646,-0.310596,-0.00268683,
0.000553601,-0.00033928,0.000553601,-0.00033928,0.000139251,-0.000139251,-0.310801,-0.00253204,
0.000521695,-0.000319719,0.000521695,-0.000319719,0.000131334,-0.000131334,-0.310994,-0.00238618,
0.00049163,-0.000301287,0.00049163,-0.000301287,0.000123867,-0.000123867,-0.311177,-0.00224872,
0.000463297,-0.000283917,0.000463297,-0.000283917,0.000116823,-0.000116823,-0.311348,-0.00211918,
0.000436598,-0.000267549,0.000436598,-0.000267549,0.00011018,-0.00011018,-0.31151,-0.00199711,
0.000411438,-0.000252126,0.000411438,-0.000252126,0.000103915,-0.000103915,-0.311663,-0.00188207,
0.000387729,-0.000237591,0.000387729,-0.000237591,9.80048e-05,-9.80048e-05,-0.311807,-0.00177366,
0.000365386,-0.000223895,0.000365386,-0.000223895,9.2431e-05,-9.2431e-05,-0.311942,-0.0016715,
0.000344331,-0.000210989,0.000344331,-0.000210989,8.71739e-05,-8.71739e-05,-0.31207,-0.00157522,
