0.0649432,0.988975,0.0649432,0.988975,0.0174248,-0.0174248,-0.000838854,-0.00780255,
0.14182,0.686416,0.14182,0.686416,0.0281162,-0.0281162,-0.000480191,0.0256224,
0.16481,0.0139702,0.16481,0.0139702,0.0286095,-0.0286095,0.00363238,0.0787402,
0.142273,-0.350056,0.142273,-0.350056,0.0220081,-0.0220081,0.0118911,0.126553,
0.102232,-0.438325,0.102232,-0.438325,0.0122966,-0.0122966,0.0234296,0.161126,
0.0613241,-0.408319,0.0613241,-0.408319,0.0024895,-0.0024895,0.0371602,0.18268,
0.0259538,-0.338679,0.0259538,-0.338679,-0.00567035,0.00567035,0.0521186,0.193202,
-0.00179797,-0.256765,-0.00179797,-0.256765,-0.0114779,0.0114779,0.0675198,0.194954,
-0.021617,-0.176075,-0.021617,-0.176075,-0.0149154,0.0149154,0.0827665,0.190283,
-0.034214,-0.105608,-0.034214,-0.105608,-0.0163419,0.0163419,0.0974456,0.181405,
-0.0408873,-0.0499077,-0.0408873,-0.0499077,-0.0162674,0.0162674,0.111306,0.170183,
-0.0431283,-0.00968741,-0.0431283,-0.00968741,-0.0152083,0.0152083,0.124228,0.158032,
-0.0423465,0.0166493,-0.0423465,0.0166493,-0.0136096,0.0136096,0.136182,0.145936,
-0.0397279,0.0317242,-0.0397279,0.0317242,-0.0118124,0.0118124,0.147203,0.134506,
-0.0361866,0.0383924,-0.0361866,0.0383924,-0.0100511,0.0100511,0.157361,0.124066,
-0.0323711,0.0393031,-0.0323711,0.0393031,-0.00846673,0.00846673,0.166739,0.11473,
-0.0286989,0.0366756,-0.0286989,0.0366756,-0.00712681,0.00712681,0.175427,0.106475,
-0.0254038,0.0322189,-0.0254038,0.0322189,-0.00604684,0.00604684,0.183506,0.0992011,
-0.0225853,0.0271438,-0.0225853,0.0271438,-0.00520919,0.00520919,0.191047,0.0927688,
-0.0202527,0.0222298,-0.0202527,0.0222298,-0.00457842,0.00457842,0.198113,0.0870339,
-0.0183615,0.017914,-0.0183615,0.017914,-0.00411238,0.00411238,0.204751,0.0818624,
-0.0168409,0.0143839,-0.0168409,0.0143839,-0.00376966,0.00376966,0.211001,0.0771407,
-0.0156127,0.0116596,-0.0156127,0.0116596,-0.00351383,0.00351383,0.216896,0.0727781,
-0.0146033,0.00966205,-0.0146033,0.00966205,-0.00331538,0.00331538,0.222459,0.0687067,
-0.0137499,0.00826371,-0.0137499,0.00826371,-0.00315212,0.00315212,0.227712,0.0648778,
-0.0130033,0.00732367,-0.0130033,0.00732367,-0.00300851,0.00300851,0.232673,0.0612582,
-0.0123272,0.00670974,-0.0123272,0.00670974,-0.00287455,0.00287455,0.237356,0.0578261,
-0.011697,0.00631015,-0.011697,0.00631015,-0.00274452,0.00274452,0.241776,0.0545678,
-0.0110976,0.00603786,-0.0110976,0.00603786,-0.00261572,0.00261572,0.245947,0.0514744,
-0.0105206,0.00583025,-0.0105206,0.00583025,-0.00248744,0.00248744,0.24988,0.0485396,
-0.00996237,0.00564601,-0.00996237,0.00564601,-0.00236011,0.00236011,0.253588,0.0457588,
-0.00942221,0.00546084,-0.00942221,0.00546084,-0.00223472,0.00223472,0.257084,0.0431273,
-0.008901,0.00526301,-0.008901,0.00526301,-0.0021124,0.0021124,0.260378,0.0406403,
-0.00840019,0.00504924,-0.00840019,0.00504924,-0.00199418,0.00199418,0.263482,0.0382924,
-0.00792122,0.00482142,-0.00792122,0.00482142,-0.00188084,0.00188084,0.266406,0.036078,
-0.00746515,0.00458406,-0.00746515,0.00458406,-0.00177291,0.00177291,0.269161,0.0339908,
-0.00703258,0.00434254,-0.00703258,0.00434254,-0.00167068,0.00167068,0.271757,0.0320245,
-0.00662357,0.00410199,-0.00662357,0.00410199,-0.0015742,0.0015742,0.274203,0.0301726,
-0.00623775,0.00386671,-0.00623775,0.00386671,-0.00148338,0.00148338,0.276507,0.0284285,
-0.00587439,0.00363992,-0.00587439,0.00363992,-0.00139799,0.00139799,0.278679,0.0267862,
-0.00553251,0.00342374,-0.00553251,0.00342374,-0.00131776,0.00131776,0.280724,0.0252395,
-0.00521101,0.00321936,-0.00521101,0.00321936,-0.00124236,0.00124236,0.282652,0.0237828,
-0.0049087,0.00302721,-0.0049087,0.00302721,-0.00117149,0.00117149,0.284469,0.0224106,
-0.00462439,0.00284715,-0.00462439,0.00284715,-0.00110482,0.00110482,0.28618,0.021118,
-0.00435693,0.00267869,-0.00435693,0.00267869,-0.00104206,0.00104206,0.287793,0.0199001,
-0.00410524,0.00252114,-0.00410524,0.00252114,-0.000982946,0.000982946,0.289313,0.0187526,
-0.00386829,0.00237372,-0.00386829,0.00237372,-0.000927232,0.000927232,0.290745,0.0176714,
-0.00364516,0.00223562,-0.00364516,0.00223562,-0.000874699,0.000874699,0.292095,0.0166525,
-0.00343497,0.00210608,-0.00343497,0.00210608,-0.000825148,0.000825148,0.293367,0.0156924,
-0.00323693,0.00198442,-0.00323693,0.00198442,-0.000778401,0.000778401,0.294566,0.0147876,
-0.00305032,0.00187001,-0.00305032,0.00187001,-0.000734293,0.000734293,0.295695,0.0139349,
-0.00287446,0.00176233,-0.00287446,0.00176233,-0.000692673,0.000692673,0.296759,0.0131314,
-0.00270872,0.0016609,-0.00270872,0.0016609,-0.000653401,0.000653401,0.297762,0.0123743,
-0.00255252,0.00156531,-0.00255252,0.00156531,-0.000616345,0.000616345,0.298708,0.0116608,
-0.00240532,0.0014752,-0.00240532,0.0014752,-0.000581383,0.000581383,0.299598,0.0109884,
-0.00226658,0.00139024,-0.00226658,0.00139024,-0.000548397,0.000548397,0.300437,0.0103548,
-0.00213585,0.00131014,-0.00213585,0.00131014,-0.000517278,0.000517278,0.301228,0.00975775,
-0.00201264,0.00123461,-0.00201264,0.00123461,-0.000487921,0.000487921,0.301974,0.00919513,
-0.00189654,0.00116341,-0.00189654,0.00116341,-0.000460228,0.000460228,0.302676,0.00866497,
-0.00178714,0.0010963,-0.00178714,0.0010963,-0.000434105,0.000434105,0.303338,0.00816539,
-0.00168405,0.00103304,-0.00168405,0.00103304,-0.000409463,0.000409463,0.303961,0.00769462,
-0.00158691,0.000973426,-0.00158691,0.000973426,-0.00038622,0.00038622,0.304549,0.00725101,
-0.00149537,0.000917247,-0.00149537,0.000917247,-0.000364295,0.000364295,0.305103,0.00683298,
-0.00140912,0.00086431,-0.00140912,0.00086431,-0.000343614,0.000343614,0.305625,0.00643906,
-0.00132785,0.000814429,-0.00132785,0.000814429,-0.000324107,0.000324107,0.306117,0.00606786,
-0.00125126,0.000767429,-0.00125126,0.000767429,-0.000305707,0.000305707,0.30658,0.00571807,
-0.0011791,0.000723144,-0.0011791,0.000723144,-0.00028835,0.00028835,0.307017,0.00538845,
-0.0011111,0.000681417,-0.0011111,0.000681417,-0.000271978,0.000271978,0.307428,0.00507784,
-0.00104702,0.000642101,-0.00104702,0.000642101,-0.000256535,0.000256535,0.307816,0.00478514,
-0.000986641,0.000605055,-0.000986641,0.000605055,-0.000241969,0.000241969,0.308182,0.00450932,
-0.000929745,0.000570148,-0.000929745,0.000570148,-0.000228228,0.000228228,0.308526,0.0042494,
-0.000876131,0.000537257,-0.000876131,0.000537257,-0.000215268,0.000215268,0.308851,0.00400447,
-0.000825609,0.000506264,-0.000825609,0.000506264,-0.000203043,0.000203043,0.309157,0.00377366,
-0.000778002,0.00047706,-0.000778002,0.00047706,-0.000191511,0.000191511,0.309445,0.00355616,
-0.000733142,0.000449541,-0.000733142,0.000449541,-0.000180634,0.000180634,0.309717,0.0033512,
-0.000690869,0.000423611,-0.000690869,0.000423611,-0.000170374,0.000170374,0.309972,0.00315806,
-0.000651034,0.000399177,-0.000651034,0.000399177,-0.000160697,0.000160697,0.310214,0.00297605,
-0.000613497,0.000376152,-0.000613497,0.000376152,-0.000151568,0.000151568,0.310441,0.00280454,
-0.000578125,0.000354456,-0.000578125,0.000354456,-0.000142958,0.000142958,0.310655,0.00264291,
-0.000544793,0.000334012,-0.000544793,0.000334012,-0.000134836,0.000134836,0.310857,0.0024906,
-0.000513384,0.000314748,-0.000513384,0.000314748,-0.000127176,0.000127176,0.311047,0.00234708,
-0.000483786,0.000296595,-0.000483786,0.000296595,-0.00011995,0.00011995,0.311227,0.00221182,
-0.000455895,0.000279489,-0.000455895,0.000279489,-0.000113135,0.000113135,0.311396,0.00208437,
-0.000429613,0.00026337,-0.000429613,0.00026337,-0.000106706,0.000106706,0.311555,0.00196426,
-0.000404847,0.000248182,-0.000404847,0.000248182,-0.000100643,0.000100643,0.311705,0.00185107,
-0.000381508,0.000233869,-0.000381508,0.000233869,-9.49233e-05,9.49233e-05,0.311846,0.00174441,
-0.000359516,0.000220382,-0.000359516,0.000220382,-8.95287e-05,8.95287e-05,0.311979,0.0016439,
-0.000338792,0.000207674,-0.000338792,0.000207674,-8.44405e-05,8.44405e-05,0.312105,0.00154918,
-0.000319263,0.000195698,-0.000319263,0.000195698,-7.96412e-05,7.96412e-05,0.312223,0.00145992,
-0.00030086,0.000184413,-0.00030086,0.000184413,-7.51144e-05,7.51144e-05,0.312335,0.0013758,
-0.000283518,0.00017378,-0.000283518,0.00017378,-7.08447e-05,7.08447e-05,0.31244,0.00129653,
-0.000267177,0.000163759,-0.000267177,0.000163759,-6.68175e-05,6.68175e-05,0.312539,0.00122184,
-0.000251777,0.000154317,-0.000251777,0.000154317,-6.3019e-05,6.3019e-05,0.312632,0.00115144,
-0.000237266,0.000145419,-0.000237266,0.000145419,-5.94363e-05,5.94363e-05,0.31272,0.0010851,
-0.000223591,0.000137035,-0.000223591,0.000137035,-5.6057e-05,5.6057e-05,0.312803,0.00102259,
-0.000210704,0.000129134,-0.000210704,0.000129134,-5.28698e-05,5.28698e-05,0.312881,0.00096368,
-0.000198561,0.000121689,-0.000198561,0.000121689,-4.98635e-05,4.98635e-05,0.312955,0.000908164,
-0.000187117,0.000114673,-0.000187117,0.000114673,-4.70281e-05,4.70281e-05,0.313024,0.000855847,
-0.000176334,0.000108062,-0.000176334,0.000108062,-4.43537e-05,4.43537e-05,0.31309,0.000806546,
-0.000166172,0.000101832,-0.000166172,0.000101832,-4.18313e-05,4.18313e-05,0.313151,0.000760085,
-0.000156596,9.59616e-05,-0.000156596,9.59616e-05,-3.94522e-05,3.94522e-05,0.313209,0.000716301,
-0.000147572,9.04296e-05,-0.000147572,9.04296e-05,-3.72082e-05,3.72082e-05,0.313264,0.00067504,
-0.000139068,8.52167e-05,-0.000139068,8.52167e-05,-3.50918e-05,3.50918e-05,0.313315,0.000636157,
-0.000131054,8.03043e-05,-0.000131054,8.03043e-05,-3.30956e-05,3.30956e-05,0.313364,0.000599514,
-0.000123502,7.56753e-05,-0.000123502,7.56753e-05,-3.12129e-05,3.12129e-05,0.31341,0.000564983,
-0.000116386,7.13132e-05,-0.000116386,7.13132e-05,-2.94372e-05,2.94372e-05,0.313453,0.000532441,
-0.00010968,6.72026e-05,-0.00010968,6.72026e-05,-2.77624e-05,2.77624e-05,0.313494,0.000501774,
-0.00010336,6.3329e-05,-0.00010336,6.3329e-05,-2.61827e-05,2.61827e-05,0.313532,0.000472874,
-9.74048e-05,5.96788e-05,-9.74048e-05,5.96788e-05,-2.46929e-05,2.46929e-05,0.313568,0.000445639,
-9.17927e-05,5.62391e-05,-9.17927e-05,5.62391e-05,-2.32877e-05,2.32877e-05,0.313602,0.000419973,
-8.6504e-05,5.29977e-05,-8.6504e-05,5.29977e-05,-2.19625e-05,2.19625e-05,0.313634,0.000395786,
-8.15202e-05,4.99432e-05,-8.15202e-05,4.99432e-05,-2.07125e-05,2.07125e-05,0.313664,0.000372992,
-7.68236e-05,4.70648e-05,-7.68236e-05,4.70648e-05,-1.95336e-05,1.95336e-05,0.313693,0.000351511,
-7.23976e-05,4.43523e-05,-7.23976e-05,4.43523e-05,-1.84218e-05,1.84218e-05,0.31372,0.000331268,
-6.82268e-05,4.17962e-05,-6.82268e-05,4.17962e-05,-1.73731e-05,1.73731e-05,0.313745,0.000312191,
-6.42963e-05,3.93875e-05,-6.42963e-05,3.93875e-05,-1.63841e-05,1.63841e-05,0.313769,0.000294213,
-6.05923e-05,3.71177e-05,-6.05923e-05,3.71177e-05,-1.54513e-05,1.54513e-05,0.313791,0.00027727,
-5.71017e-05,3.49787e-05,-5.71017e-05,3.49787e-05,-1.45715e-05,1.45715e-05,0.313813,0.000261304,
-5.38124e-05,3.2963e-05,-5.38124e-05,3.2963e-05,-1.37418e-05,1.37418e-05,0.313833,0.000246257,
-5.07125e-05,3.10635e-05,-5.07125e-05,3.10635e-05,-1.29593e-05,1.29593e-05,0.313851,0.000232076,
-4.77913e-05,2.92735e-05,-4.77913e-05,2.92735e-05,-1.22212e-05,1.22212e-05,0.313869,0.000218713,
-4.50384e-05,2.75867e-05,-4.50384e-05,2.75867e-05,-1.15252e-05,1.15252e-05,0.313886,0.000206119,
-4.24442e-05,2.59972e-05,-4.24442e-05,2.59972e-05,-1.08687e-05,1.08687e-05,0.313902,0.000194251,
-3.99994e-05,2.44992e-05,-3.99994e-05,2.44992e-05,-1.02496e-05,1.02496e-05,0.313916,0.000183066,
-3.76955e-05,2.30876e-05,-3.76955e-05,2.30876e-05,-9.6657e-06,9.6657e-06,0.31393,0.000172526,
-3.55243e-05,2.17574e-05,-3.55243e-05,2.17574e-05,-9.11502e-06,9.11502e-06,0.313944,0.000162592,
-3.34783e-05,2.05038e-05,-3.34783e-05,2.05038e-05,-8.59566e-06,8.59566e-06,0.313956,0.000153231,
-3.15501e-05,1.93225e-05,-3.15501e-05,1.93225e-05,-8.10586e-06,8.10586e-06,0.313968,0.000144409,
-2.9733e-05,1.82092e-05,-2.9733e-05,1.82092e-05,-7.64392e-06,7.64392e-06,0.313979,0.000136095,
-2.80206e-05,1.71602e-05,-2.80206e-05,1.71602e-05,-7.20827e-06,7.20827e-06,0.313989,0.000128259,
-2.64068e-05,1.61715e-05,-2.64068e-05,1.61715e-05,-6.79741e-06,6.79741e-06,0.313999,0.000120875,
-2.4886e-05,1.52399e-05,-2.4886e-05,1.52399e-05,-6.40993e-06,6.40993e-06,0.314008,0.000113916,
-2.34529e-05,1.43619e-05,-2.34529e-05,1.43619e-05,-6.0445e-06,6.0445e-06,0.314017,0.000107358,
-2.21023e-05,1.35346e-05,-2.21023e-05,1.35346e-05,-5.69987e-06,5.69987e-06,0.314025,0.000101178,
-2.08295e-05,1.27549e-05,-2.08295e-05,1.27549e-05,-5.37486e-06,5.37486e-06,0.314033,9.53529e-05,
-1.963e-05,1.20202e-05,-1.963e-05,1.20202e-05,-5.06835e-06,5.06835e-06,0.31404,8.98637e-05,
-1.84996e-05,1.13278e-05,-1.84996e-05,1.13278e-05,-4.77929e-06,4.77929e-06,0.314047,8.46906e-05,
-1.74343e-05,1.06752e-05,-1.74343e-05,1.06752e-05,-4.50669e-06,4.50669e-06,0.314053,7.98153e-05,
-1.64304e-05,1.00603e-05,-1.64304e-05,1.00603e-05,-4.24961e-06,4.24961e-06,0.314059,7.52208e-05,
-1.54843e-05,9.48086e-06,-1.54843e-05,9.48086e-06,-4.00716e-06,4.00716e-06,0.314065,7.08908e-05,
-1.45927e-05,8.93477e-06,-1.45927e-05,8.93477e-06,-3.77852e-06,3.77852e-06,0.314071,6.68101e-05,
-1.37525e-05,8.42015e-06,-1.37525e-05,8.42015e-06,-3.56291e-06,3.56291e-06,0.314076,6.29644e-05,
-1.29606e-05,7.93518e-06,-1.29606e-05,7.93518e-06,-3.35957e-06,3.35957e-06,0.314081,5.93401e-05,
-1.22144e-05,7.47815e-06,-1.22144e-05,7.47815e-06,-3.16781e-06,3.16781e-06,0.314085,5.59244e-05,
-1.15111e-05,7.04745e-06,-1.15111e-05,7.04745e-06,-2.98698e-06,2.98698e-06,0.314089,5.27054e-05,
-1.08484e-05,6.64156e-06,-1.08484e-05,6.64156e-06,-2.81645e-06,2.81645e-06,0.314093,4.96717e-05,
-1.02238e-05,6.25906e-06,-1.02238e-05,6.25906e-06,-2.65563e-06,2.65563e-06,0.314097,4.68127e-05,
-9.63518e-06,5.8986e-06,-9.63518e-06,5.8986e-06,-2.50398e-06,2.50398e-06,0.314101,4.41183e-05,
-9.08046e-06,5.5589e-06,-9.08046e-06,5.5589e-06,-2.36096e-06,2.36096e-06,0.314104,4.1579e-05,
-8.55769e-06,5.23877e-06,-8.55769e-06,5.23877e-06,-2.2261e-06,2.2261e-06,0.314107,3.91859e-05,
-8.06502e-06,4.93708e-06,-8.06502e-06,4.93708e-06,-2.09892e-06,2.09892e-06,0.31411,3.69305e-05,
-7.60073e-06,4.65278e-06,-7.60073e-06,4.65278e-06,-1.979e-06,1.979e-06,0.314113,3.4805e-05,
-7.16317e-06,4.38484e-06,-7.16317e-06,4.38484e-06,-1.8659e-06,1.8659e-06,0.314116,3.28019e-05,
-6.75081e-06,4.13235e-06,-6.75081e-06,4.13235e-06,-1.75926e-06,1.75926e-06,0.314118,3.0914e-05,
-6.36219e-06,3.8944e-06,-6.36219e-06,3.8944e-06,-1.65869e-06,1.65869e-06,0.314121,2.91348e-05,
-5.99596e-06,3.67015e-06,-5.99596e-06,3.67015e-06,-1.56386e-06,1.56386e-06,0.314123,2.74581e-05,
-5.6508e-06,3.45882e-06,-5.6508e-06,3.45882e-06,-1.47444e-06,1.47444e-06,0.314125,2.58778e-05,
-5.32553e-06,3.25966e-06,-5.32553e-06,3.25966e-06,-1.39012e-06,1.39012e-06,0.314127,2.43885e-05,
-5.01898e-06,3.07198e-06,-5.01898e-06,3.07198e-06,-1.3106e-06,1.3106e-06,0.314129,2.2985e-05,
-4.73008e-06,2.8951e-06,-4.73008e-06,2.8951e-06,-1.23563e-06,1.23563e-06,0.314131,2.16622e-05,
-4.45782e-06,2.72841e-06,-4.45782e-06,2.72841e-06,-1.16493e-06,1.16493e-06,0.314132,2.04155e-05,
-4.20123e-06,2.57133e-06,-4.20123e-06,2.57133e-06,-1.09826e-06,1.09826e-06,0.314134,1.92407e-05,
-3.95941e-06,2.42328e-06,-3.95941e-06,2.42328e-06,-1.0354e-06,1.0354e-06,0.314135,1.81334e-05,
-3.73152e-06,2.28377e-06,-3.73152e-06,2.28377e-06,-9.76121e-07,9.76121e-07,0.314137,1.70899e-05,
-3.51675e-06,2.15229e-06,-3.51675e-06,2.15229e-06,-9.20229e-07,9.20229e-07,0.314138,1.61064e-05,
-3.31434e-06,2.02838e-06,-3.31434e-06,2.02838e-06,-8.67527e-07,8.67527e-07,0.314139,1.51795e-05,
-3.12358e-06,1.91161e-06,-3.12358e-06,1.91161e-06,-8.17835e-07,8.17835e-07,0.31414,1.4306e-05,
-2.94381e-06,1.80156e-06,-2.94381e-06,1.80156e-06,-7.70979e-07,7.70979e-07,0.314141,1.34827e-05,
-2.77439e-06,1.69785e-06,-2.77439e-06,1.69785e-06,-7.268e-07,7.268e-07,0.314142,1.27069e-05,
-2.61471e-06,1.60011e-06,-2.61471e-06,1.60011e-06,-6.85143e-07,6.85143e-07,0.314143,1.19756e-05,
-2.46423e-06,1.508e-06,-2.46423e-06,1.508e-06,-6.45866e-07,6.45866e-07,0.314144,1.12865e-05,
-2.32242e-06,1.42119e-06,-2.32242e-06,1.42119e-06,-6.08833e-07,6.08833e-07,0.314145,1.0637e-05,
-2.18876e-06,1.33938e-06,-2.18876e-06,1.33938e-06,-5.73916e-07,5.73916e-07,0.314146,1.00249e-05,
-2.0628e-06,1.26229e-06,-2.0628e-06,1.26229e-06,-5.40994e-07,5.40994e-07,0.314147,9.44805e-06,
-1.94409e-06,1.18963e-06,-1.94409e-06,1.18963e-06,-5.09954e-07,5.09954e-07,0.314147,8.90437e-06,
-1.83221e-06,1.12115e-06,-1.83221e-06,1.12115e-06,-4.80688e-07,4.80688e-07,0.314148,8.39198e-06,
-1.72677e-06,1.05662e-06,-1.72677e-06,1.05662e-06,-4.53095e-07,4.53095e-07,0.314149,7.90907e-06,
-1.62741e-06,9.95803e-07,-1.62741e-06,9.95803e-07,-4.27081e-07,4.27081e-07,0.314149,7.45395e-06,
-1.53376e-06,9.38487e-07,-1.53376e-06,9.38487e-07,-4.02554e-07,4.02554e-07,0.31415,7.02502e-06,
-1.4455e-06,8.84472e-07,-1.4455e-06,8.84472e-07,-3.7943e-07,3.7943e-07,0.31415,6.62078e-06,
-1.36232e-06,8.33566e-07,-1.36232e-06,8.33566e-07,-3.57629e-07,3.57629e-07,0.314151,6.2398e-06,
-1.28393e-06,7.85591e-07,-1.28393e-06,7.85591e-07,-3.37075e-07,3.37075e-07,0.314151,5.88073e-06,
-1.21004e-06,7.40378e-07,-1.21004e-06,7.40378e-07,-3.17698e-07,3.17698e-07,0.314152,5.54234e-06,
-1.14042e-06,6.97767e-07,-1.14042e-06,6.97767e-07,-2.9943e-07,2.9943e-07,0.314152,5.22341e-06,
-1.0748e-06,6.5761e-07,-1.0748e-06,6.5761e-07,-2.82208e-07,2.82208e-07,0.314153,4.92283e-06,
-1.01295e-06,6.19764e-07,-1.01295e-06,6.19764e-07,-2.65972e-07,2.65972e-07,0.314153,4.63955e-06,
-9.54665e-07,5.84097e-07,-9.54665e-07,5.84097e-07,-2.50666e-07,2.50666e-07,0.314153,4.37257e-06,
-8.99734e-07,5.50483e-07,-8.99734e-07,5.50483e-07,-2.36237e-07,2.36237e-07,0.314154,4.12095e-06,
-8.47964e-07,5.18804e-07,-8.47964e-07,5.18804e-07,-2.22635e-07,2.22635e-07,0.314154,3.88381e-06,
-7.99173e-07,4.88949e-07,-7.99173e-07,4.88949e-07,-2.09812e-07,2.09812e-07,0.314154,3.66032e-06,
-7.5319e-07,4.60812e-07,-7.5319e-07,4.60812e-07,-1.97725e-07,1.97725e-07,0.314155,3.44968e-06,
-3.11411e-07,6.50188e-06,-3.11411e-07,6.50188e-06,-1.44339e-07,1.44339e-07,0.314155,3.20306e-06,
1.19883e-08,1.74091e-06,1.19883e-08,1.74091e-06,-1.05367e-07,1.05367e-07,0.314155,3.24337e-06,
4.39425e-08,-3.659e-07,4.39425e-08,-3.659e-07,-7.69182e-08,7.69182e-08,0.314155,3.2862e-06,
1.06083e-08,-3.28446e-07,1.06083e-08,-3.28446e-07,-5.61503e-08,5.61503e-08,0.314156,3.29243e-06,
-2.79356e-09,-4.325e-08,-2.79356e-09,-4.325e-08,-4.09897e-08,4.09897e-08,0.314156,3.2883e-06,
-2.1576e-09,3.08636e-08,-2.1576e-09,3.08636e-08,-2.99225e-08,2.99225e-08,0.314156,3.28614e-06,
-2.33253e-10,1.41909e-08,-2.33253e-10,1.41909e-08,-2.18434e-08,2.18434e-08,0.314156,3.28594e-06,
2.16836e-10,-9.50913e-11,2.16836e-10,-9.50913e-11,-1.59457e-08,1.59457e-08,0.314157,3.28606e-06,
9.049e-11,-1.87747e-09,9.049e-11,-1.87747e-09,-1.16404e-08,1.16404e-08,0.314157,3.28604e-06,
-3.21923e-12,-5.07654e-10,-3.21923e-12,-5.07654e-10,-8.49746e-09,8.49746e-09,0.314157,3.28596e-06,
-1.26956e-11,1.04284e-10,-1.26956e-11,1.04284e-10,-6.20315e-09,6.20315e-09,0.314158,3.2859e-06,
-3.09676e-12,9.51073e-11,-3.09676e-12,9.51073e-11,-4.5283e-09,4.5283e-09,0.314158,3.28587e-06,
7.98268e-13,1.27414e-11,7.98268e-13,1.27414e-11,-3.30566e-09,3.30566e-09,0.314158,3.28584e-06,
6.25074e-13,-8.87682e-12,6.25074e-13,-8.87682e-12,-2.41313e-09,2.41313e-09,0.314158,3.28583e-06,
6.90161e-14,-4.12092e-12,6.90161e-14,-4.12092e-12,-1.76158e-09,1.76158e-09,0.314159,3.28581e-06,
-6.24198e-14,1.64333e-14,-6.24198e-14,1.64333e-14,-1.28596e-09,1.28596e-09,0.314159,3.2858e-06,
-2.6293e-14,5.42102e-13,-2.6293e-14,5.42102e-13,-9.38749e-10,9.38749e-10,0.314159,3.28579e-06,
8.59129e-16,1.48019e-13,8.59129e-16,1.48019e-13,-6.85286e-10,6.85286e-10,0.314159,3.28579e-06,
3.66775e-15,-2.97129e-14,3.66775e-15,-2.97129e-14,-5.00259e-10,5.00259e-10,0.31416,3.28579e-06,
9.03899e-16,-2.75387e-14,9.03899e-16,-2.75387e-14,-3.65189e-10,3.65189e-10,0.31416,3.28578e-06,
-2.28057e-16,-3.75233e-15,-2.28057e-16,-3.75233e-15,-2.66588e-10,2.66588e-10,0.31416,3.28578e-06,
-1.8108e-16,2.55286e-15,-1.8108e-16,2.55286e-15,-1.94609e-10,1.94609e-10,0.31416,3.28578e-06,
-2.04105e-17,1.19661e-15,-2.04105e-17,1.19661e-15,-1.42065e-10,1.42065e-10,0.314161,3.28578e-06,
1.79671e-17,-1.54427e-18,1.79671e-17,-1.54427e-18,-1.03707e-10,1.03707e-10,0.314161,3.28578e-06,
7.63933e-18,-1.56519e-16,7.63933e-18,-1.56519e-16,-7.57063e-11,7.57063e-11,0.314161,3.28578e-06,
-2.27615e-19,-4.31543e-17,-2.27615e-19,-4.31543e-17,-5.52656e-11,5.52656e-11,0.314161,3.28578e-06,
-1.05956e-18,8.46324e-18,-1.05956e-18,8.46324e-18,-4.03439e-11,4.03439e-11,0.314162,3.28578e-06,
-2.63806e-19,7.97355e-18,-2.63806e-19,7.97355e-18,-2.9451e-11,2.9451e-11,0.314162,3.28578e-06,
6.51386e-20,1.10469e-18,6.51386e-20,1.10469e-18,-2.14993e-11,2.14993e-11,0.314162,3.28578e-06,
5.24553e-20,-7.34103e-19,5.24553e-20,-7.34103e-19,-1.56945e-11,1.56945e-11,0.314162,3.28578e-06,
6.03317e-21,-3.47447e-19,6.03317e-21,-3.47447e-19,-1.1457e-11,1.1457e-11,0.314163,3.28578e-06,
-5.1713e-21,-4.83383e-22,-5.1713e-21,-4.83383e-22,-8.36358e-12,8.36358e-12,0.314163,3.28578e-06,
-2.21944e-21,4.51886e-20,-2.21944e-21,4.51886e-20,-6.10541e-12,6.10541e-12,0.314163,3.28578e-06,
5.97807e-23,1.25803e-20,5.97807e-23,1.25803e-20,-4.45695e-12,4.45695e-12,0.314163,3.28578e-06,
3.06073e-22,-2.40985e-21,3.06073e-22,-2.40985e-21,-3.25357e-12,3.25357e-12,0.314164,3.28578e-06,
7.69841e-23,-2.30855e-21,7.69841e-23,-2.30855e-21,-2.37511e-12,2.37511e-12,0.314164,3.28578e-06,
-1.86008e-23,-3.25119e-22,-1.86008e-23,-3.25119e-22,-1.73383e-12,1.73383e-12,0.314164,3.28578e-06,
-1.51946e-23,2.11079e-22,-1.51946e-23,2.11079e-22,-1.2657e-12,1.2657e-12,0.314165,3.28578e-06,
-1.78252e-24,1.00879e-22,-1.78252e-24,1.00879e-22,-9.23958e-13,9.23958e-13,0.314165,3.28578e-06,
1.48828e-24,4.0936e-25,1.48828e-24,4.0936e-25,-6.74489e-13,6.74489e-13,0.314165,3.28578e-06,
6.44774e-25,-1.30457e-23,6.44774e-25,-1.30457e-23,-4.92377e-13,4.92377e-13,0.314165,3.28578e-06,
-1.55353e-26,-3.66705e-24,-1.55353e-26,-3.66705e-24,-3.59435e-13,3.59435e-13,0.314166,3.28578e-06,
-8.84103e-26,6.85959e-25,-8.84103e-26,6.85959e-25,-2.62388e-13,2.62388e-13,0.314166,3.28578e-06,
-2.24632e-26,6.68355e-25,-2.24632e-26,6.68355e-25,-1.91543e-13,1.91543e-13,0.314166,3.28578e-06,
5.31031e-27,9.56552e-26,5.31031e-27,9.56552e-26,-1.39826e-13,1.39826e-13,0.314166,3.28578e-06,
4.40114e-27,-6.06866e-26,4.40114e-27,-6.06866e-26,-1.02073e-13,1.02073e-13,0.314167,3.28578e-06,
5.26418e-28,-2.92878e-26,5.26418e-28,-2.92878e-26,-7.45135e-14,7.45135e-14,0.314167,3.28578e-06,
-4.28286e-28,-1.96519e-28,-4.28286e-28,-1.96519e-28,-5.43949e-14,5.43949e-14,0.314167,3.28578e-06,
-1.87303e-28,3.76599e-27,-1.87303e-28,3.76599e-27,-3.97083e-14,3.97083e-14,0.314167,3.28578e-06,
3.98439e-30,1.06881e-27,3.98439e-30,1.06881e-27,-2.8987e-14,2.8987e-14,0.314168,3.28578e-06,
2.55363e-29,-1.9519e-28,2.55363e-29,-1.9519e-28,-2.11605e-14,2.11605e-14,0.314168,3.28578e-06,
6.55382e-30,-1.93488e-28,6.55382e-30,-1.93488e-28,-1.54472e-14,1.54472e-14,0.314168,3.28578e-06,
-1.51566e-30,-2.81349e-29,-1.51566e-30,-2.81349e-29,-1.12764e-14,1.12764e-14,0.314168,3.28578e-06,
-1.27474e-30,1.74461e-29,-1.27474e-30,1.74461e-29,-8.23181e-15,8.23181e-15,0.314169,3.28578e-06,
-1.55396e-31,8.50259e-30,-1.55396e-31,8.50259e-30,-6.00922e-15,6.00922e-15,0.314169,3.28578e-06,
1.23238e-31,7.94787e-32,1.23238e-31,7.94787e-32,-4.38673e-15,4.38673e-15,0.314169,3.28578e-06,
5.44075e-32,-1.0871e-30,5.44075e-32,-1.0871e-30,-3.20231e-15,3.20231e-15,0.314169,3.28578e-06,
-1.00486e-33,-3.11494e-31,-1.00486e-33,-3.11494e-31,-2.33769e-15,2.33769e-15,0.31417,3.28578e-06,
-7.37548e-33,5.55219e-32,-7.37548e-33,5.55219e-32,-1.70651e-15,1.70651e-15,0.31417,3.28578e-06,
-1.91193e-33,5.60121e-32,-1.91193e-33,5.60121e-32,-1.24575e-15,1.24575e-15,0.31417,3.28578e-06,
4.32484e-34,8.27285e-33,4.32484e-34,8.27285e-33,-9.094e-16,9.094e-16,0.31417,3.28578e-06,
3.69198e-34,-5.01487e-33,3.69198e-34,-5.01487e-33,-6.63862e-16,6.63862e-16,0.314171,3.28578e-06,
4.58529e-35,-2.46826e-33,4.58529e-35,-2.46826e-33,-4.84619e-16,4.84619e-16,0.314171,3.28578e-06,
-3.54585e-35,-2.95483e-35,-3.54585e-35,-2.95483e-35,-3.53772e-16,3.53772e-16,0.314171,3.28578e-06,
-1.58033e-35,3.13786e-34,-1.58033e-35,3.13786e-34,-2.58254e-16,2.58254e-16,0.314171,3.28578e-06,
2.47854e-37,9.07731e-35,2.47854e-37,9.07731e-35,-1.88525e-16,1.88525e-16,0.314172,3.28578e-06,
2.1301e-36,-1.57874e-35,2.1301e-36,-1.57874e-35,-1.37623e-16,1.37623e-16,0.314172,3.28578e-06,
5.57706e-37,-1.62139e-35,5.57706e-37,-1.62139e-35,-1.00465e-16,1.00465e-16,0.314172,3.28578e-06,
-1.23374e-37,-2.43188e-36,-1.23374e-37,-2.43188e-36,-7.33395e-17,7.33395e-17,0.314173,3.28578e-06,
-1.06924e-37,1.44138e-36,-1.06924e-37,1.44138e-36,-5.35378e-17,5.35378e-17,0.314173,3.28578e-06,
-1.35245e-38,7.16488e-37,-1.35245e-38,7.16488e-37,-3.90826e-17,3.90826e-17,0.314173,3.28578e-06,
1.02013e-38,1.04473e-38,1.02013e-38,1.04473e-38,-2.85303e-17,2.85303e-17,0.314173,3.28578e-06,
4.58997e-39,-9.05677e-38,4.58997e-39,-9.05677e-38,-2.08271e-17,2.08271e-17,0.314174,3.28578e-06,
-5.92843e-41,-2.64501e-38,-5.92843e-41,-2.64501e-38,-1.52038e-17,1.52038e-17,0.314174,3.28578e-06,
-6.15157e-40,4.48737e-39,-6.15157e-40,4.48737e-39,-1.10988e-17,1.10988e-17,0.314174,3.28578e-06,
-1.62665e-40,4.69326e-39,-1.62665e-40,4.69326e-39,-8.10211e-18,8.10211e-18,0.314174,3.28578e-06,
3.51854e-41,7.14681e-40,3.51854e-41,7.14681e-40,-5.91454e-18,5.91454e-18,0.314175,3.28578e-06,
3.09651e-41,-4.14241e-40,3.09651e-41,-4.14241e-40,-4.31761e-18,4.31761e-18,0.314175,3.28578e-06,
3.9876e-42,-2.07971e-40,3.9876e-42,-2.07971e-40,-3.15186e-18,3.15186e-18,0.314175,3.28578e-06,
-2.93465e-42,-3.57255e-42,-2.93465e-42,-3.57255e-42,-2.30086e-18,2.30086e-18,0.314175,3.28578e-06,
-1.33306e-42,2.6139e-41,-1.33306e-42,2.6139e-41,-1.67962e-18,1.67962e-18,0.314176,3.28578e-06,
1.35512e-44,7.70652e-42,1.35512e-44,7.70652e-42,-1.22613e-18,1.22613e-18,0.314176,3.28578e-06,
1.77643e-43,-1.27497e-42,1.77643e-43,-1.27497e-42,-8.95072e-19,8.95072e-19,0.314176,3.28578e-06,
4.74395e-44,-1.35844e-42,4.74395e-44,-1.35844e-42,-6.53403e-19,6.53403e-19,0.314176,3.28578e-06,
-1.00318e-44,-2.09975e-43,-1.00318e-44,-2.09975e-43,-4.76984e-19,4.76984e-19,0.314177,3.28578e-06,
-8.967e-45,1.19037e-43,-8.967e-45,1.19037e-43,-3.48198e-19,3.48198e-19,0.314177,3.28578e-06,
-1.17527e-45,6.03633e-44,-1.17527e-45,6.03633e-44,-2.54185e-19,2.54185e-19,0.314177,3.28578e-06,
8.44143e-46,1.1929e-45,8.44143e-46,1.1929e-45,-1.85555e-19,1.85555e-19,0.314177,3.28578e-06,
3.87135e-46,-7.54361e-45,3.87135e-46,-7.54361e-45,-1.35455e-19,1.35455e-19,0.314178,3.28578e-06,
-2.8771e-48,-2.24519e-45,-2.8771e-48,-2.24519e-45,-9.88822e-20,9.88822e-20,0.314178,3.28578e-06,
-5.12965e-47,3.62103e-46,-5.12965e-47,3.62103e-46,-7.2184e-20,7.2184e-20,0.314178,3.28578e-06,
-1.38338e-47,3.93174e-46,-1.38338e-47,3.93174e-46,-5.26943e-20,5.26943e-20,0.314178,3.28578e-06,
2.85936e-48,6.1675e-47,2.85936e-48,6.1675e-47,-3.84669e-20,3.84669e-20,0.314179,3.28578e-06,
2.59658e-48,-3.42033e-47,2.59658e-48,-3.42033e-47,-2.80808e-20,2.80808e-20,0.314179,3.28578e-06,
3.46267e-49,-1.75195e-47,3.46267e-49,-1.75195e-47,-2.0499e-20,2.0499e-20,0.314179,3.28578e-06,
-2.42793e-49,-3.91268e-49,-2.42793e-49,-3.91268e-49,-1.49643e-20,1.49643e-20,0.31418,3.28578e-06,
-1.12422e-49,2.17693e-48,-1.12422e-49,2.17693e-48,-1.09239e-20,1.09239e-20,0.31418,3.28578e-06,
5.29999e-52,6.54048e-49,5.29999e-52,6.54048e-49,-7.97445e-21,7.97445e-21,0.31418,3.28578e-06,
1.48116e-50,-1.02797e-49,1.48116e-50,-1.02797e-49,-5.82135e-21,5.82135e-21,0.31418,3.28578e-06,
4.03369e-51,-1.13791e-49,4.03369e-51,-1.13791e-49,-4.24959e-21,4.24959e-21,0.314181,3.28578e-06,
-8.1476e-52,-1.8111e-50,-8.1476e-52,-1.8111e-50,-3.1022e-21,3.1022e-21,0.314181,3.28578e-06,
-7.5186e-52,9.82668e-51,-7.5186e-52,9.82668e-51,-2.2646e-21,2.2646e-21,0.314181,3.28578e-06,
-1.01984e-52,5.08447e-51,-1.01984e-52,5.08447e-51,-1.65316e-21,1.65316e-21,0.314181,3.28578e-06,
6.98261e-53,1.26564e-52,6.98261e-53,1.26564e-52,-1.20681e-21,1.20681e-21,0.314182,3.28578e-06,
3.26451e-53,-6.28181e-52,3.26451e-53,-6.28181e-52,-8.8097e-22,8.8097e-22,0.314182,3.28578e-06,
-6.57116e-56,-1.90516e-52,-6.57116e-56,-1.90516e-52,-6.43108e-22,6.43108e-22,0.314182,3.28578e-06,
-4.27656e-54,2.91697e-53,-4.27656e-54,2.91697e-53,-4.69469e-22,4.69469e-22,0.314182,3.28578e-06,
-1.17604e-54,3.29317e-53,-1.17604e-54,3.29317e-53,-3.42712e-22,3.42712e-22,0.314183,3.28578e-06,
2.32091e-55,5.31705e-54,2.32091e-55,5.31705e-54,-2.5018e-22,2.5018e-22,0.314183,3.28578e-06,
-0.080206,-1.2214,-0.080206,-1.2214,-0.034928,0.034928,0.315219,0.00958992,
-0.221905,-1.55973,-0.221905,-1.55973,-0.0618432,0.0618432,0.315374,-0.026166,
-0.295699,-0.359964,-0.295699,-0.359964,-0.0664527,0.0664527,0.309894,-0.117119,
-0.284107,0.3528,-0.284107,0.3528,-0.0566753,0.0566753,0.296916,-0.20799,
-0.228286,0.677284,-0.228286,0.677284,-0.0387804,0.0387804,0.277258,-0.282955,
-0.156773,0.757369,-0.156773,0.757369,-0.0186628,0.0186628,0.25251,-0.336392,
-0.0866419,0.697099,-0.0866419,0.697099,-0.00042736,0.00042736,0.22444,-0.368172,
-0.0268561,0.569075,-0.0268561,0.569075,0.0137946,-0.0137946,0.194672,-0.381155,
0.0190496,0.420394,0.0190496,0.420394,0.02339,-0.02339,0.164533,-0.379453,
0.050892,0.279043,0.050892,0.279043,0.0287016,-0.0287016,0.135007,-0.367349,
0.0703407,0.159525,0.0703407,0.159525,0.0305552,-0.0305552,0.10675,-0.348687,
0.0798886,0.0672811,0.0798886,0.0672811,0.0299255,-0.0299255,0.0801423,-0.326588,
0.0821876,0.00206305,0.0821876,0.00206305,0.0277312,-0.0277312,0.0553496,-0.303373,
0.0796567,-0.0395518,0.0796567,-0.0395518,0.024731,-0.024731,0.0323862,-0.280619,
0.0742889,-0.0623752,0.0742889,-0.0623752,0.0214882,-0.0214882,0.0111692,-0.259279,
0.0675923,-0.071433,0.0675923,-0.071433,0.0183776,-0.0183776,-0.0084381,-0.239828,
0.060615,-0.0712724,0.060615,-0.0712724,0.0156155,-0.0156155,-0.0265943,-0.222402,
0.0540139,-0.0656224,0.0540139,-0.0656224,0.0132969,-0.0132969,-0.0434582,-0.206921,
0.0481411,-0.0572977,0.0481411,-0.0572977,0.0114332,-0.0114332,-0.0591763,-0.193184,
0.0431301,-0.0482507,0.0431301,-0.0482507,0.00998444,-0.00998444,-0.0738764,-0.180939,
0.0389713,-0.0397045,0.0389713,-0.0397045,0.00888452,-0.00888452,-0.0876655,-0.169932,
0.0355724,-0.0323154,0.0355724,-0.0323154,0.00805913,-0.00805913,-0.100631,-0.159931,
0.032804,-0.0263346,0.032804,-0.0263346,0.00743737,-0.00743737,-0.112845,-0.150744,
0.0305289,-0.0217487,0.0305289,-0.0217487,0.00695818,-0.00695818,-0.124364,-0.142217,
0.0286218,-0.0183927,0.0286218,-0.0183927,0.00657292,-0.00657292,-0.135235,-0.134237,
0.0269775,-0.0160331,0.0269775,-0.0160331,0.00624552,-0.00624552,-0.145497,-0.126721,
0.0255147,-0.0144241,0.0255147,-0.0144241,0.00595115,-0.00595115,-0.155185,-0.119615,
0.0241748,-0.0133415,0.0241748,-0.0133415,0.00567408,-0.00567408,-0.164328,-0.11288,
0.0229184,-0.0125995,0.0229184,-0.0125995,0.00540551,-0.00540551,-0.172955,-0.106492,
0.0217216,-0.0120563,0.0217216,-0.0120563,0.00514147,-0.00514147,-0.181093,-0.100434,
0.0205714,-0.0116118,0.0205714,-0.0116118,0.00488106,-0.00488106,-0.188766,-0.0946933,
0.0194624,-0.0112015,0.0194624,-0.0112015,0.00462511,-0.00462511,-0.196,-0.089259,
0.0183937,-0.0107888,0.0183937,-0.0107888,0.00437525,-0.00437525,-0.202818,-0.0841207,
0.0173667,-0.010357,0.0173667,-0.010357,0.00413322,-0.00413322,-0.209244,-0.0792676,
0.0163833,-0.00990273,0.0163833,-0.00990273,0.00390054,-0.00390054,-0.215298,-0.0746882,
0.0154456,-0.00943047,0.0154456,-0.00943047,0.00367836,-0.00367836,-0.221002,-0.0703701,
0.0145548,-0.00894832,0.0145548,-0.00894832,0.00346733,-0.00346733,-0.226376,-0.0663008,
0.0137111,-0.00846536,0.0137111,-0.00846536,0.00326774,-0.00326774,-0.23144,-0.0624673,
0.0129142,-0.00798992,0.0129142,-0.00798992,0.00307951,-0.00307951,-0.23621,-0.0588566,
0.0121629,-0.00752875,0.0121629,-0.00752875,0.00290232,-0.00290232,-0.240705,-0.055456,
0.0114554,-0.00708671,0.0114554,-0.00708671,0.00273568,-0.00273568,-0.244941,-0.0522534,
0.0107898,-0.00666682,0.0107898,-0.00666682,0.00257903,-0.00257903,-0.248932,-0.0492371,
0.0101636,-0.00627056,0.0101636,-0.00627056,0.00243173,-0.00243173,-0.252692,-0.0463959,
0.00957466,-0.00589822,0.00957466,-0.00589822,0.00229317,-0.00229317,-0.256236,-0.0437194,
0.00902059,-0.00554922,0.00902059,-0.00554922,0.00216276,-0.00216276,-0.259575,-0.0411979,
0.00849921,-0.00522245,0.00849921,-0.00522245,0.00203994,-0.00203994,-0.262722,-0.0388221,
0.00800842,-0.00491651,0.00800842,-0.00491651,0.00192422,-0.00192422,-0.265687,-0.0365836,
0.00754629,-0.00462989,0.00754629,-0.00462989,0.00181513,-0.00181513,-0.268481,-0.0344742,
0.00711102,-0.0043611,0.00711102,-0.0043611,0.00171226,-0.00171226,-0.271114,-0.0324865,
0.00670098,-0.00410874,0.00670098,-0.00410874,0.00161522,-0.00161522,-0.273596,-0.0306134,
0.00631462,-0.00387154,0.00631462,-0.00387154,0.00152367,-0.00152367,-0.275934,-0.0288483,
0.00595055,-0.00364838,0.00595055,-0.00364838,0.00143729,-0.00143729,-0.278137,-0.027185,
0.00560745,-0.00343826,0.00560745,-0.00343826,0.00135579,-0.00135579,-0.280214,-0.0256175,
0.0052841,-0.0032403,0.0052841,-0.0032403,0.0012789,-0.0012789,-0.28217,-0.0241404,
0.00497937,-0.00305373,0.00497937,-0.00305373,0.00120634,-0.00120634,-0.284014,-0.0227485,
0.00469219,-0.00287786,0.00469219,-0.00287786,0.00113789,-0.00113789,-0.285752,-0.0214368,
0.00442156,-0.00271205,0.00442156,-0.00271205,0.00107332,-0.00107332,-0.287389,-0.0202008,
0.00416652,-0.00255574,0.00416652,-0.00255574,0.0010124,-0.0010124,-0.288932,-0.0190361,
0.00392619,-0.00240837,0.00392619,-0.00240837,0.00095493,-0.00095493,-0.290386,-0.0179386,
0.00369971,-0.00226946,0.00369971,-0.00226946,0.00090072,-0.00090072,-0.291756,-0.0169043,
0.0034863,-0.00213853,0.0034863,-0.00213853,0.000849585,-0.000849585,-0.293047,-0.0159297,
0.00328521,-0.00201514,0.00328521,-0.00201514,0.000801351,-0.000801351,-0.294264,-0.0150113,
0.00309571,-0.00189885,0.00309571,-0.00189885,0.000755854,-0.000755854,-0.29541,-0.0141459,
0.00291716,-0.00178927,0.00291716,-0.00178927,0.000712938,-0.000712938,-0.296491,-0.0133304,
0.00274891,-0.00168601,0.00274891,-0.00168601,0.000672458,-0.000672458,-0.297509,-0.012562,
0.00259036,-0.00158871,0.00259036,-0.00158871,0.000634275,-0.000634275,-0.298468,-0.0118378,
0.00244097,-0.00149704,0.00244097,-0.00149704,0.000598258,-0.000598258,-0.299373,-0.0111554,
0.0023002,-0.00141066,0.0023002,-0.00141066,0.000564286,-0.000564286,-0.300225,-0.0105124,
0.00216754,-0.00132926,0.00216754,-0.00132926,0.000532241,-0.000532241,-0.301028,-0.00990644,
0.00204255,-0.00125257,0.00204255,-0.00125257,0.000502014,-0.000502014,-0.301784,-0.00933543,
0.00192476,-0.00118031,0.00192476,-0.00118031,0.000473503,-0.000473503,-0.302497,-0.00879734,
0.00181377,-0.00111222,0.00181377,-0.00111222,0.00044661,-0.00044661,-0.303169,-0.00829028,
0.00170918,-0.00104806,0.00170918,-0.00104806,0.000421243,-0.000421243,-0.303802,-0.00781245,
0.00161063,-0.000987601,0.00161063,-0.000987601,0.000397316,-0.000397316,-0.304399,-0.00736218,
0.00151776,-0.000930633,0.00151776,-0.000930633,0.000374746,-0.000374746,-0.304961,-0.00693786,
0.00143024,-0.000876953,0.00143024,-0.000876953,0.000353458,-0.000353458,-0.305491,-0.00653801,
0.00134778,-0.00082637,0.00134778,-0.00082637,0.000333378,-0.000333378,-0.305991,-0.00616121,
0.00127007,-0.000778705,0.00127007,-0.000778705,0.000314438,-0.000314438,-0.306461,-0.00580614,
0.00119684,-0.000733791,0.00119684,-0.000733791,0.000296573,-0.000296573,-0.306905,-0.00547153,
0.00112784,-0.000691469,0.00112784,-0.000691469,0.000279722,-0.000279722,-0.307323,-0.00515622,
0.00106282,-0.000651588,0.00106282,-0.000651588,0.000263827,-0.000263827,-0.307717,-0.00485908,
0.00100154,-0.000614009,0.00100154,-0.000614009,0.000248836,-0.000248836,-0.308088,-0.00457907,
0.000943805,-0.000578597,0.000943805,-0.000578597,0.000234695,-0.000234695,-0.308437,-0.00431521,
0.000889396,-0.000545229,0.000889396,-0.000545229,0.000221357,-0.000221357,-0.308767,-0.00406655,
0.000838124,-0.000513785,0.000838124,-0.000513785,0.000208777,-0.000208777,-0.309078,-0.00383223,
0.000789809,-0.000484156,0.000789809,-0.000484156,0.000196911,-0.000196911,-0.30937,-0.00361141,
0.000744281,-0.000456236,0.000744281,-0.000456236,0.000185718,-0.000185718,-0.309646,-0.00340332,
0.000701378,-0.000429927,0.000701378,-0.000429927,0.000175162,-0.000175162,-0.309906,-0.00320723,
0.000660949,-0.000405135,0.000660949,-0.000405135,0.000165205,-0.000165205,-0.310151,-0.00302244,
0.000622851,-0.000381774,0.000622851,-0.000381774,0.000155813,-0.000155813,-0.310382,-0.0028483,
0.00058695,-0.00035976,0.00058695,-0.00035976,0.000146955,-0.000146955,-0.3106,-0.00268419,
0.000553119,-0.000339016,0.000553119,-0.000339016,0.0001386,-0.0001386,-0.310805,-0.00252955,
0.000521239,-0.000319469,0.000521239,-0.000319469,0.00013072,-0.00013072,-0.310998,-0.00238382,
0.000491197,-0.000301049,0.000491197,-0.000301049,0.000123287,-0.000123287,-0.31118,-0.00224648,
0.000462887,-0.000283691,0.000462887,-0.000283691,0.000116276,-0.000116276,-0.311351,-0.00211706,
0.000436209,-0.000267335,0.000436209,-0.000267335,0.000109664,-0.000109664,-0.311513,-0.0019951,
0.000411069,-0.000251922,0.000411069,-0.000251922,0.000103428,-0.000103428,-0.311666,-0.00188017,
0.000387379,-0.000237398,0.000387379,-0.000237398,9.75455e-05,-9.75455e-05,-0.311809,-0.00177186,
0.000365055,-0.000223712,0.000365055,-0.000223712,9.19975e-05,-9.19975e-05,-0.311945,-0.00166979,
0.000344017,-0.000210815,0.000344017,-0.000210815,8.67647e-05,-8.67647e-05,-0.312072,-0.0015736,
0.000324192,-0.000198662,0.000324192,-0.000198662,8.18293e-05,-8.18293e-05,-0.312192,-0.00148296,
0.000305511,-0.00018721,0.000305511,-0.00018721,7.71744e-05,-7.71744e-05,-0.312306,-0.00139754,
0.000287906,-0.000176418,0.000287906,-0.000176418,7.2784e-05,-7.2784e-05,-0.312412,-0.00131704,
0.000271316,-0.000166248,0.000271316,-0.000166248,6.86431e-05,-6.86431e-05,-0.312513,-0.00124118,
0.000255682,-0.000156665,0.000255682,-0.000156665,6.47375e-05,-6.47375e-05,-0.312608,-0.00116969,
0.000240949,-0.000147635,0.000240949,-0.000147635,6.1054e-05,-6.1054e-05,-0.312697,-0.00110232,
0.000227066,-0.000139125,0.000227066,-0.000139125,5.75798e-05,-5.75798e-05,-0.312781,-0.00103883,
0.000213983,-0.000131106,0.000213983,-0.000131106,5.43031e-05,-5.43031e-05,-0.312861,-0.000978995,
0.000201654,-0.000123549,0.000201654,-0.000123549,5.12126e-05,-5.12126e-05,-0.312935,-0.000922611,
0.000190035,-0.000116428,0.000190035,-0.000116428,4.82979e-05,-4.82979e-05,-0.313006,-0.000869475,
0.000179087,-0.000109718,0.000179087,-0.000109718,4.55489e-05,-4.55489e-05,-0.313072,-0.000819401,
0.000168769,-0.000103394,0.000168769,-0.000103394,4.29561e-05,-4.29561e-05,-0.313135,-0.000772211,
0.000159046,-9.74355e-05,0.000159046,-9.74355e-05,4.05108e-05,-4.05108e-05,-0.313194,-0.00072774,
0.000149883,-9.18201e-05,0.000149883,-9.18201e-05,3.82045e-05,-3.82045e-05,-0.313249,-0.00068583,
0.000141248,-8.65285e-05,0.000141248,-8.65285e-05,3.60293e-05,-3.60293e-05,-0.313302,-0.000646335,
0.000133111,-8.1542e-05,0.000133111,-8.1542e-05,3.39779e-05,-3.39779e-05,-0.313351,-0.000609115,
0.000125443,-7.68429e-05,0.000125443,-7.68429e-05,3.20431e-05,-3.20431e-05,-0.313398,-0.000574039,
0.000118217,-7.24147e-05,0.000118217,-7.24147e-05,3.02183e-05,-3.02183e-05,-0.313441,-0.000540983,
0.000111407,-6.82418e-05,0.000111407,-6.82418e-05,2.84974e-05,-2.84974e-05,-0.313483,-0.000509831,
0.000104989,-6.43094e-05,0.000104989,-6.43094e-05,2.68743e-05,-2.68743e-05,-0.313522,-0.000480474,
9.89416e-05,-6.06037e-05,9.89416e-05,-6.06037e-05,2.53435e-05,-2.53435e-05,-0.313558,-0.000452808,
9.32425e-05,-5.71117e-05,9.32425e-05,-5.71117e-05,2.38998e-05,-2.38998e-05,-0.313593,-0.000426735,
8.78717e-05,-5.38209e-05,8.78717e-05,-5.38209e-05,2.25383e-05,-2.25383e-05,-0.313626,-0.000402164,
8.28104e-05,-5.07198e-05,8.28104e-05,-5.07198e-05,2.12542e-05,-2.12542e-05,-0.313656,-0.000379008,
7.80407e-05,-4.77974e-05,7.80407e-05,-4.77974e-05,2.00431e-05,-2.00431e-05,-0.313685,-0.000357186,
7.35458e-05,-4.50435e-05,7.35458e-05,-4.50435e-05,1.8901e-05,-1.8901e-05,-0.313713,-0.000336621,
6.93099e-05,-4.24483e-05,6.93099e-05,-4.24483e-05,1.78238e-05,-1.78238e-05,-0.313738,-0.00031724,
6.5318e-05,-4.00027e-05,6.5318e-05,-4.00027e-05,1.6808e-05,-1.6808e-05,-0.313763,-0.000298975,
6.15561e-05,-3.7698e-05,6.15561e-05,-3.7698e-05,1.58499e-05,-1.58499e-05,-0.313785,-0.000281762,
5.8011e-05,-3.55262e-05,5.8011e-05,-3.55262e-05,1.49464e-05,-1.49464e-05,-0.313807,-0.00026554,
5.46701e-05,-3.34795e-05,5.46701e-05,-3.34795e-05,1.40943e-05,-1.40943e-05,-0.313827,-0.000250253,
5.15217e-05,-3.15508e-05,5.15217e-05,-3.15508e-05,1.32907e-05,-1.32907e-05,-0.313846,-0.000235845,
4.85546e-05,-2.97332e-05,4.85546e-05,-2.97332e-05,1.25328e-05,-1.25328e-05,-0.313864,-0.000222268,
4.57585e-05,-2.80204e-05,4.57585e-05,-2.80204e-05,1.18181e-05,-1.18181e-05,-0.313881,-0.000209472,
4.31234e-05,-2.64062e-05,4.31234e-05,-2.64062e-05,1.11441e-05,-1.11441e-05,-0.313897,-0.000197413,
4.06401e-05,-2.48851e-05,4.06401e-05,-2.48851e-05,1.05085e-05,-1.05085e-05,-0.313912,-0.000186049,
3.82999e-05,-2.34517e-05,3.82999e-05,-2.34517e-05,9.909e-06,-9.909e-06,-0.313927,-0.000175339,
3.60945e-05,-2.21008e-05,3.60945e-05,-2.21008e-05,9.34368e-06,-9.34368e-06,-0.31394,-0.000165245,
3.40161e-05,-2.08278e-05,3.40161e-05,-2.08278e-05,8.81055e-06,-8.81055e-06,-0.313953,-0.000155733,
3.20574e-05,-1.96281e-05,3.20574e-05,-1.96281e-05,8.30778e-06,-8.30778e-06,-0.313964,-0.000146769,
3.02115e-05,-1.84976e-05,3.02115e-05,-1.84976e-05,7.83364e-06,-7.83364e-06,-0.313976,-0.00013832,
2.8472e-05,-1.74322e-05,2.8472e-05,-1.74322e-05,7.38652e-06,-7.38652e-06,-0.313986,-0.000130358,
2.68327e-05,-1.64281e-05,2.68327e-05,-1.64281e-05,6.96486e-06,-6.96486e-06,-0.313996,-0.000122855,
2.52877e-05,-1.5482e-05,2.52877e-05,-1.5482e-05,6.56722e-06,-6.56722e-06,-0.314006,-0.000115783,
2.38318e-05,-1.45903e-05,2.38318e-05,-1.45903e-05,6.19224e-06,-6.19224e-06,-0.314014,-0.000109119,
2.24597e-05,-1.375e-05,2.24597e-05,-1.375e-05,5.83862e-06,-5.83862e-06,-0.314023,-0.000102838,
2.11666e-05,-1.29581e-05,2.11666e-05,-1.29581e-05,5.50515e-06,-5.50515e-06,-0.314031,-9.69189e-05,
1.9948e-05,-1.22119e-05,1.9948e-05,-1.22119e-05,5.19069e-06,-5.19069e-06,-0.314038,-9.13406e-05,
1.87996e-05,-1.15086e-05,1.87996e-05,-1.15086e-05,4.89415e-06,-4.89415e-06,-0.314045,-8.60833e-05,
1.77173e-05,-1.08459e-05,1.77173e-05,-1.08459e-05,4.61451e-06,-4.61451e-06,-0.314052,-8.11287e-05,
1.66973e-05,-1.02213e-05,1.66973e-05,-1.02213e-05,4.35081e-06,-4.35081e-06,-0.314058,-7.64594e-05,
1.57361e-05,-9.63269e-06,1.57361e-05,-9.63269e-06,4.10214e-06,-4.10214e-06,-0.314064,-7.20588e-05,
1.48302e-05,-9.07799e-06,1.48302e-05,-9.07799e-06,3.86765e-06,-3.86765e-06,-0.314069,-6.79115e-05,
1.39765e-05,-8.55526e-06,1.39765e-05,-8.55526e-06,3.64653e-06,-3.64653e-06,-0.314074,-6.4003e-05,
1.31719e-05,-8.06263e-06,1.31719e-05,-8.06263e-06,3.43803e-06,-3.43803e-06,-0.314079,-6.03195e-05,
1.24137e-05,-7.59837e-06,1.24137e-05,-7.59837e-06,3.24141e-06,-3.24141e-06,-0.314084,-5.6848e-05,
1.16991e-05,-7.16086e-06,1.16991e-05,-7.16086e-06,3.056e-06,-3.056e-06,-0.314088,-5.35763e-05,
1.10257e-05,-6.74855e-06,1.10257e-05,-6.74855e-06,2.88118e-06,-2.88118e-06,-0.314092,-5.0493e-05,
1.0391e-05,-6.35998e-06,1.0391e-05,-6.35998e-06,2.71632e-06,-2.71632e-06,-0.314096,-4.75871e-05,
9.7929e-06,-5.9938e-06,9.7929e-06,-5.9938e-06,2.56087e-06,-2.56087e-06,-0.3141,-4.48485e-05,
9.22923e-06,-5.6487e-06,9.22923e-06,-5.6487e-06,2.4143e-06,-2.4143e-06,-0.314103,-4.22675e-05,
8.69801e-06,-5.32348e-06,8.69801e-06,-5.32348e-06,2.27608e-06,-2.27608e-06,-0.314106,-3.9835e-05,
8.19737e-06,-5.017e-06,8.19737e-06,-5.017e-06,2.14576e-06,-2.14576e-06,-0.314109,-3.75426e-05,
7.72556e-06,-4.72816e-06,7.72556e-06,-4.72816e-06,2.02288e-06,-2.02288e-06,-0.314112,-3.53821e-05,
7.2809e-06,-4.45595e-06,7.2809e-06,-4.45595e-06,1.90701e-06,-1.90701e-06,-0.314115,-3.3346e-05,
6.86185e-06,-4.19942e-06,6.86185e-06,-4.19942e-06,1.79775e-06,-1.79775e-06,-0.314118,-3.1427e-05,
6.46692e-06,-3.95767e-06,6.46692e-06,-3.95767e-06,1.69474e-06,-1.69474e-06,-0.31412,-2.96185e-05,
6.09473e-06,-3.72984e-06,6.09473e-06,-3.72984e-06,1.59761e-06,-1.59761e-06,-0.314122,-2.79141e-05,
5.74396e-06,-3.51512e-06,5.74396e-06,-3.51512e-06,1.50602e-06,-1.50602e-06,-0.314124,-2.63077e-05,
5.41339e-06,-3.31277e-06,5.41339e-06,-3.31277e-06,1.41967e-06,-1.41967e-06,-0.314126,-2.47938e-05,
5.10184e-06,-3.12207e-06,5.10184e-06,-3.12207e-06,1.33826e-06,-1.33826e-06,-0.314128,-2.3367e-05,
4.80823e-06,-2.94236e-06,4.80823e-06,-2.94236e-06,1.26149e-06,-1.26149e-06,-0.31413,-2.20224e-05,
4.53152e-06,-2.77299e-06,4.53152e-06,-2.77299e-06,1.18912e-06,-1.18912e-06,-0.314132,-2.07551e-05,
4.27074e-06,-2.61337e-06,4.27074e-06,-2.61337e-06,1.12088e-06,-1.12088e-06,-0.314133,-1.95608e-05,
4.02497e-06,-2.46294e-06,4.02497e-06,-2.46294e-06,1.05654e-06,-1.05654e-06,-0.314135,-1.84351e-05,
3.79334e-06,-2.32118e-06,3.79334e-06,-2.32118e-06,9.95878e-07,-9.95878e-07,-0.314136,-1.73743e-05,
3.57505e-06,-2.18757e-06,3.57505e-06,-2.18757e-06,9.38688e-07,-9.38688e-07,-0.314138,-1.63745e-05,
3.36932e-06,-2.06166e-06,3.36932e-06,-2.06166e-06,8.84769e-07,-8.84769e-07,-0.314139,-1.54322e-05,
3.17543e-06,-1.943e-06,3.17543e-06,-1.943e-06,8.33935e-07,-8.33935e-07,-0.31414,-1.45442e-05,
2.99271e-06,-1.83117e-06,2.99271e-06,-1.83117e-06,7.8601e-07,-7.8601e-07,-0.314141,-1.37073e-05,
2.82049e-06,-1.72578e-06,2.82049e-06,-1.72578e-06,7.40827e-07,-7.40827e-07,-0.314142,-1.29185e-05,
2.65819e-06,-1.62645e-06,2.65819e-06,-1.62645e-06,6.98231e-07,-6.98231e-07,-0.314143,-1.21751e-05,
2.50523e-06,-1.53285e-06,2.50523e-06,-1.53285e-06,6.58073e-07,-6.58073e-07,-0.314144,-1.14745e-05,
2.36108e-06,-1.44463e-06,2.36108e-06,-1.44463e-06,6.20215e-07,-6.20215e-07,-0.314145,-1.08142e-05,
2.22522e-06,-1.36149e-06,2.22522e-06,-1.36149e-06,5.84526e-07,-5.84526e-07,-0.314146,-1.01919e-05,
2.09718e-06,-1.28314e-06,2.09718e-06,-1.28314e-06,5.50881e-07,-5.50881e-07,-0.314147,-9.60538e-06,
1.97651e-06,-1.20929e-06,1.97651e-06,-1.20929e-06,5.19163e-07,-5.19163e-07,-0.314147,-9.05263e-06,
1.86278e-06,-1.1397e-06,1.86278e-06,-1.1397e-06,4.89264e-07,-4.89264e-07,-0.314148,-8.53169e-06,
1.75559e-06,-1.07412e-06,1.75559e-06,-1.07412e-06,4.61078e-07,-4.61078e-07,-0.314149,-8.04072e-06,
1.65458e-06,-1.0123e-06,1.65458e-06,-1.0123e-06,4.34509e-07,-4.34509e-07,-0.314149,-7.578e-06,
1.55938e-06,-9.54051e-07,1.55938e-06,-9.54051e-07,4.09463e-07,-4.09463e-07,-0.31415,-7.14191e-06,
1.46965e-06,-8.99151e-07,1.46965e-06,-8.99151e-07,3.85853e-07,-3.85853e-07,-0.31415,-6.73091e-06,
1.38509e-06,-8.47411e-07,1.38509e-06,-8.47411e-07,3.63599e-07,-3.63599e-07,-0.314151,-6.34356e-06,
1.3054e-06,-7.98648e-07,1.3054e-06,-7.98648e-07,3.42621e-07,-3.42621e-07,-0.314151,-5.97849e-06,
1.23029e-06,-7.52692e-07,1.23029e-06,-7.52692e-07,3.22848e-07,-3.22848e-07,-0.314152,-5.63443e-06,
1.1595e-06,-7.09382e-07,1.1595e-06,-7.09382e-07,3.0421e-07,-3.0421e-07,-0.314152,-5.31017e-06,
1.09279e-06,-6.68563e-07,1.09279e-06,-6.68563e-07,2.86642e-07,-2.86642e-07,-0.314153,-5.00457e-06,
1.02991e-06,-6.30095e-07,1.02991e-06,-6.30095e-07,2.70084e-07,-2.70084e-07,-0.314153,-4.71654e-06,
9.70655e-07,-5.9384e-07,9.70655e-07,-5.9384e-07,2.54477e-07,-2.54477e-07,-0.314153,-4.4451e-06,
9.14807e-07,-5.59671e-07,9.14807e-07,-5.59671e-07,2.39767e-07,-2.39767e-07,-0.314154,-4.18926e-06,
8.62173e-07,-5.27469e-07,8.62173e-07,-5.27469e-07,2.25903e-07,-2.25903e-07,-0.314154,-3.94815e-06,
8.12567e-07,-4.9712e-07,8.12567e-07,-4.9712e-07,2.12836e-07,-2.12836e-07,-0.314154,-3.72092e-06,
7.65815e-07,-4.68518e-07,7.65815e-07,-4.68518e-07,2.0052e-07,-2.0052e-07,-0.314155,-3.50675e-06,
7.21753e-07,-4.41561e-07,7.21753e-07,-4.41561e-07,1.88914e-07,-1.88914e-07,-0.314155,-3.30491e-06,
2.98414e-07,-6.23051e-06,2.98414e-07,-6.23051e-06,1.37907e-07,-1.37907e-07,-0.314155,-3.06858e-06,
-1.14878e-08,-1.66825e-06,-1.14878e-08,-1.66825e-06,1.00672e-07,-1.00672e-07,-0.314155,-3.10722e-06,
-4.21085e-08,3.50628e-07,-4.21085e-08,3.50628e-07,7.34906e-08,-7.34906e-08,-0.314156,-3.14826e-06,
-1.01655e-08,3.14738e-07,-1.01655e-08,3.14738e-07,5.36482e-08,-5.36482e-08,-0.314156,-3.15424e-06,
2.67695e-09,4.1445e-08,2.67695e-09,4.1445e-08,3.91632e-08,-3.91632e-08,-0.314156,-3.15028e-06,
2.06755e-09,-2.95754e-08,2.06755e-09,-2.95754e-08,2.85891e-08,-2.85891e-08,-0.314156,-3.14821e-06,
2.23518e-10,-1.35986e-08,2.23518e-10,-1.35986e-08,2.087e-08,-2.087e-08,-0.314157,-3.14802e-06,
-2.07785e-10,9.11175e-11,-2.07785e-10,9.11175e-11,1.52351e-08,-1.52351e-08,-0.314157,-3.14813e-06,
-8.67132e-11,1.7991e-09,-8.67132e-11,1.7991e-09,1.11216e-08,-1.11216e-08,-0.314157,-3.14811e-06,
3.08483e-12,4.86466e-10,3.08483e-12,4.86466e-10,8.1188e-09,-8.1188e-09,-0.314157,-3.14804e-06,
1.21657e-11,-9.99316e-11,1.21657e-11,-9.99316e-11,5.92673e-09,-5.92673e-09,-0.314158,-3.14798e-06,
2.96751e-12,-9.11377e-11,2.96751e-12,-9.11377e-11,4.32651e-09,-4.32651e-09,-0.314158,-3.14795e-06,
-7.64948e-13,-1.22097e-11,-7.64948e-13,-1.22097e-11,3.15835e-09,-3.15835e-09,-0.314158,-3.14792e-06,
-5.98985e-13,8.50631e-12,-5.98985e-13,8.50631e-12,2.3056e-09,-2.3056e-09,-0.314158,-3.14791e-06,
-6.61357e-14,3.94893e-12,-6.61357e-14,3.94893e-12,1.68309e-09,-1.68309e-09,-0.314159,-3.14789e-06,
5.98145e-14,-1.57459e-14,5.98145e-14,-1.57459e-14,1.22865e-09,-1.22865e-09,-0.314159,-3.14788e-06,
2.51956e-14,-5.19476e-13,2.51956e-14,-5.19476e-13,8.96916e-10,-8.96916e-10,-0.314159,-3.14788e-06,
-8.23261e-16,-1.41841e-13,-8.23261e-16,-1.41841e-13,6.54749e-10,-6.54749e-10,-0.314159,-3.14787e-06,
-3.51467e-15,2.84727e-14,-3.51467e-15,2.84727e-14,4.77967e-10,-4.77967e-10,-0.31416,-3.14787e-06,
-8.66173e-16,2.63893e-14,-8.66173e-16,2.63893e-14,3.48916e-10,-3.48916e-10,-0.31416,-3.14787e-06,
2.18538e-16,3.59573e-15,2.18538e-16,3.59573e-15,2.54709e-10,-2.54709e-10,-0.31416,-3.14786e-06,
1.73522e-16,-2.44631e-15,1.73522e-16,-2.44631e-15,1.85937e-10,-1.85937e-10,-0.31416,-3.14786e-06,
1.95587e-17,-1.14667e-15,1.95587e-17,-1.14667e-15,1.35734e-10,-1.35734e-10,-0.314161,-3.14786e-06,
-1.72172e-17,1.4794e-18,-1.72172e-17,1.4794e-18,9.90859e-11,-9.90859e-11,-0.314161,-3.14786e-06,
-7.32048e-18,1.49986e-16,-7.32048e-18,1.49986e-16,7.23327e-11,-7.23327e-11,-0.314161,-3.14786e-06,
2.18112e-19,4.13532e-17,2.18112e-19,4.13532e-17,5.28029e-11,-5.28029e-11,-0.314161,-3.14786e-06,
1.01533e-18,-8.10999e-18,1.01533e-18,-8.10999e-18,3.85461e-11,-3.85461e-11,-0.314162,-3.14786e-06,
2.52795e-19,-7.64075e-18,2.52795e-19,-7.64075e-18,2.81387e-11,-2.81387e-11,-0.314162,-3.14786e-06,
-6.24198e-20,-1.05859e-18,-6.24198e-20,-1.05859e-18,2.05412e-11,-2.05412e-11,-0.314162,-3.14786e-06,
-5.0266e-20,7.03463e-19,-5.0266e-20,7.03463e-19,1.49951e-11,-1.49951e-11,-0.314162,-3.14786e-06,
-5.78138e-21,3.32946e-19,-5.78138e-21,3.32946e-19,1.09464e-11,-1.09464e-11,-0.314163,-3.14786e-06,
4.95546e-21,4.63327e-22,4.95546e-21,4.63327e-22,7.99089e-12,-7.99089e-12,-0.314163,-3.14786e-06,
2.12681e-21,-4.33025e-20,2.12681e-21,-4.33025e-20,5.83335e-12,-5.83335e-12,-0.314163,-3.14786e-06,
-5.72848e-23,-1.20552e-20,-5.72848e-23,-1.20552e-20,4.25834e-12,-4.25834e-12,-0.314163,-3.14786e-06,
-2.93298e-22,2.30926e-21,-2.93298e-22,2.30926e-21,3.10859e-12,-3.10859e-12,-0.314164,-3.14786e-06,
-7.3771e-23,2.2122e-21,-7.3771e-23,2.2122e-21,2.26927e-12,-2.26927e-12,-0.314164,-3.14786e-06,
1.78244e-23,3.1155e-22,1.78244e-23,3.1155e-22,1.65657e-12,-1.65657e-12,-0.314164,-3.14786e-06,
1.45604e-23,-2.02269e-22,1.45604e-23,-2.02269e-22,1.20929e-12,-1.20929e-12,-0.314164,-3.14786e-06,
1.70813e-24,-9.66684e-23,1.70813e-24,-9.66684e-23,8.82785e-13,-8.82785e-13,-0.314165,-3.14786e-06,
-1.42616e-24,-3.92309e-25,-1.42616e-24,-3.92309e-25,6.44433e-13,-6.44433e-13,-0.314165,-3.14786e-06,
-6.17863e-25,1.25012e-23,-6.17863e-25,1.25012e-23,4.70436e-13,-4.70436e-13,-0.314165,-3.14786e-06,
1.48867e-26,3.514e-24,1.48867e-26,3.514e-24,3.43418e-13,-3.43418e-13,-0.314165,-3.14786e-06,
8.47202e-26,-6.57327e-25,8.47202e-26,-6.57327e-25,2.50695e-13,-2.50695e-13,-0.314166,-3.14786e-06,
2.15256e-26,-6.4046e-25,2.15256e-26,-6.4046e-25,1.83008e-13,-1.83008e-13,-0.314166,-3.14786e-06,
-5.08866e-27,-9.16629e-26,-5.08866e-27,-9.16629e-26,1.33596e-13,-1.33596e-13,-0.314166,-3.14786e-06,
-4.21745e-27,5.81536e-26,-4.21745e-27,5.81536e-26,9.75248e-14,-9.75248e-14,-0.314166,-3.14786e-06,
-5.04447e-28,2.80654e-26,-5.04447e-28,2.80654e-26,7.11931e-14,-7.11931e-14,-0.314167,-3.14786e-06,
4.1041e-28,1.88327e-28,4.1041e-28,1.88327e-28,5.1971e-14,-5.1971e-14,-0.314167,-3.14786e-06,
1.79486e-28,-3.60881e-27,1.79486e-28,-3.60881e-27,3.79388e-14,-3.79388e-14,-0.314167,-3.14786e-06,
-3.81803e-30,-1.02421e-27,-3.81803e-30,-1.02421e-27,2.76953e-14,-2.76953e-14,-0.314167,-3.14786e-06,
-2.44705e-29,1.87043e-28,-2.44705e-29,1.87043e-28,2.02176e-14,-2.02176e-14,-0.314168,-3.14786e-06,
-6.28028e-30,1.85413e-28,-6.28028e-30,1.85413e-28,1.47588e-14,-1.47588e-14,-0.314168,-3.14786e-06,
1.45239e-30,2.69606e-29,1.45239e-30,2.69606e-29,1.0774e-14,-1.0774e-14,-0.314168,-3.14786e-06,
1.22154e-30,-1.67179e-29,1.22154e-30,-1.67179e-29,7.86498e-15,-7.86498e-15,-0.314168,-3.14786e-06,
1.4891e-31,-8.14771e-30,1.4891e-31,-8.14771e-30,5.74144e-15,-5.74144e-15,-0.314169,-3.14786e-06,
-1.18095e-31,-7.61643e-32,-1.18095e-31,-7.61643e-32,4.19125e-15,-4.19125e-15,-0.314169,-3.14786e-06,
-5.21366e-32,1.04172e-30,-5.21366e-32,1.04172e-30,3.05961e-15,-3.05961e-15,-0.314169,-3.14786e-06,
9.62895e-34,2.98493e-31,9.62895e-34,2.98493e-31,2.23352e-15,-2.23352e-15,-0.314169,-3.14786e-06,
7.06764e-33,-5.32044e-32,7.06764e-33,-5.32044e-32,1.63047e-15,-1.63047e-15,-0.314169,-3.14786e-06,
1.83213e-33,-5.36743e-32,1.83213e-33,-5.36743e-32,1.19024e-15,-1.19024e-15,-0.31417,-3.14786e-06,
-4.14432e-34,-7.92757e-33,-4.14432e-34,-7.92757e-33,8.68876e-16,-8.68876e-16,-0.31417,-3.14786e-06,
-3.53789e-34,4.80556e-33,-3.53789e-34,4.80556e-33,6.3428e-16,-6.3428e-16,-0.31417,-3.14786e-06,
-4.39392e-35,2.36525e-33,-4.39392e-35,2.36525e-33,4.63024e-16,-4.63024e-16,-0.31417,-3.14786e-06,
3.39785e-35,2.83158e-35,3.39785e-35,2.83158e-35,3.38008e-16,-3.38008e-16,-0.314171,-3.14786e-06,
1.51437e-35,-3.00689e-34,1.51437e-35,-3.00689e-34,2.46746e-16,-2.46746e-16,-0.314171,-3.14786e-06,
-2.37504e-37,-8.69845e-35,-2.37504e-37,-8.69845e-35,1.80124e-16,-1.80124e-16,-0.314171,-3.14786e-06,
-2.04119e-36,1.51284e-35,-2.04119e-36,1.51284e-35,1.31491e-16,-1.31491e-16,-0.314171,-3.14786e-06,
-5.34429e-37,1.55372e-35,-5.34429e-37,1.55372e-35,9.59882e-17,-9.59882e-17,-0.314172,-3.14786e-06,
1.18225e-37,2.33039e-36,1.18225e-37,2.33039e-36,7.00714e-17,-7.00714e-17,-0.314172,-3.14786e-06,
1.02461e-37,-1.38122e-36,1.02461e-37,-1.38122e-36,5.11521e-17,-5.11521e-17,-0.314172,-3.14786e-06,
1.29601e-38,-6.86583e-37,1.29601e-38,-6.86583e-37,3.7341e-17,-3.7341e-17,-0.314172,-3.14786e-06,
-9.77555e-39,-1.00115e-38,-9.77555e-39,-1.00115e-38,2.7259e-17,-2.7259e-17,-0.314173,-3.14786e-06,
-4.3984e-39,8.67876e-38,-4.3984e-39,8.67876e-38,1.9899e-17,-1.9899e-17,-0.314173,-3.14786e-06,
5.68083e-41,2.53461e-38,5.68083e-41,2.53461e-38,1.45263e-17,-1.45263e-17,-0.314173,-3.14786e-06,
5.89481e-40,-4.30006e-39,5.89481e-40,-4.30006e-39,1.06042e-17,-1.06042e-17,-0.314173,-3.14786e-06,
1.55876e-40,-4.49737e-39,1.55876e-40,-4.49737e-39,7.74107e-18,-7.74107e-18,-0.314174,-3.14786e-06,
-3.37167e-41,-6.84853e-40,-3.37167e-41,-6.84853e-40,5.65098e-18,-5.65098e-18,-0.314174,-3.14786e-06,
-2.96726e-41,3.96951e-40,-2.96726e-41,3.96951e-40,4.12521e-18,-4.12521e-18,-0.314174,-3.14786e-06,
-3.82117e-42,1.99291e-40,-3.82117e-42,1.99291e-40,3.01141e-18,-3.01141e-18,-0.314174,-3.14786e-06,
2.81216e-42,3.42351e-42,2.81216e-42,3.42351e-42,2.19833e-18,-2.19833e-18,-0.314175,-3.14786e-06,
1.27742e-42,-2.5048e-41,1.27742e-42,-2.5048e-41,1.60478e-18,-1.60478e-18,-0.314175,-3.14786e-06,
-1.29851e-44,-7.38487e-42,-1.29851e-44,-7.38487e-42,1.17149e-18,-1.17149e-18,-0.314175,-3.14786e-06,
-1.70229e-43,1.22176e-42,-1.70229e-43,1.22176e-42,8.55186e-19,-8.55186e-19,-0.314175,-3.14786e-06,
-4.54595e-44,1.30174e-42,-4.54595e-44,1.30174e-42,6.24286e-19,-6.24286e-19,-0.314176,-3.14786e-06,
9.61305e-45,2.01211e-43,9.61305e-45,2.01211e-43,4.55729e-19,-4.55729e-19,-0.314176,-3.14786e-06,
8.59274e-45,-1.14069e-43,8.59274e-45,-1.14069e-43,3.32682e-19,-3.32682e-19,-0.314176,-3.14786e-06,
1.12622e-45,-5.78439e-44,1.12622e-45,-5.78439e-44,2.42858e-19,-2.42858e-19,-0.314176,-3.14786e-06,
-8.08909e-46,-1.14313e-45,-8.08909e-46,-1.14313e-45,1.77286e-19,-1.77286e-19,-0.314177,-3.14786e-06,
-3.70977e-46,7.22875e-45,-3.70977e-46,7.22875e-45,1.29419e-19,-1.29419e-19,-0.314177,-3.14786e-06,
2.75688e-48,2.15148e-45,2.75688e-48,2.15148e-45,9.44758e-20,-9.44758e-20,-0.314177,-3.14786e-06,
4.91554e-47,-3.46989e-46,4.91554e-47,-3.46989e-46,6.89674e-20,-6.89674e-20,-0.314177,-3.14786e-06,
1.32564e-47,-3.76764e-46,1.32564e-47,-3.76764e-46,5.03462e-20,-5.03462e-20,-0.314178,-3.14786e-06,
-2.74001e-48,-5.91009e-47,-2.74001e-48,-5.91009e-47,3.67527e-20,-3.67527e-20,-0.314178,-3.14786e-06,
-2.48821e-48,3.27757e-47,-2.48821e-48,3.27757e-47,2.68295e-20,-2.68295e-20,-0.314178,-3.14786e-06,
-3.31815e-49,1.67882e-47,-3.31815e-49,1.67882e-47,1.95855e-20,-1.95855e-20,-0.314178,-3.14786e-06,
2.32659e-49,3.74943e-49,2.32659e-49,3.74943e-49,1.42974e-20,-1.42974e-20,-0.314179,-3.14786e-06,
0.080206,1.2214,0.080206,1.2214,0.0349278,-0.0349278,-0.315215,-0.00958979,
0.221905,1.55973,0.221905,1.55973,0.0618427,-0.0618427,-0.31537,0.0261661,
0.295699,0.359964,0.295699,0.359964,0.066452,-0.066452,-0.30989,0.117119,
0.284106,-0.352812,0.284106,-0.352812,0.0566746,-0.0566746,-0.296912,0.20799,
0.228285,-0.677294,0.228285,-0.677294,0.0387797,-0.0387797,-0.277253,0.282955,
0.156771,-0.75737,0.156771,-0.75737,0.0186622,-0.0186622,-0.252506,0.336391,
0.08664,-0.697095,0.08664,-0.697095,0.000426861,-0.000426861,-0.224436,0.368171,
0.0268546,-0.569069,0.0268546,-0.569069,-0.0137949,0.0137949,-0.194668,0.381153,
-0.0190505,-0.420389,-0.0190505,-0.420389,-0.0233901,0.0233901,-0.164529,0.379451,
-0.0508925,-0.279039,-0.0508925,-0.279039,-0.0287016,0.0287016,-0.135003,0.367346,
-0.0703408,-0.159521,-0.0703408,-0.159521,-0.0305551,0.0305551,-0.106747,0.348685,
-0.0798885,-0.0672785,-0.0798885,-0.0672785,-0.0299253,0.0299253,-0.0801391,0.326586,
-0.0821873,-0.00206135,-0.0821873,-0.00206135,-0.027731,0.027731,-0.0553466,0.303371,
-0.0796562,0.0395527,-0.0796562,0.0395527,-0.0247308,0.0247308,-0.0323834,0.280616,
-0.0742883,0.0623755,-0.0742883,0.0623755,-0.021488,0.021488,-0.0111666,0.259277,
-0.0675918,0.071433,-0.0675918,0.071433,-0.0183774,0.0183774,0.00844058,0.239826,
-0.0606145,0.0712721,-0.0606145,0.0712721,-0.0156153,0.0156153,0.0265966,0.2224,
-0.0540134,0.065622,-0.0540134,0.065622,-0.0132967,0.0132967,0.0434604,0.206919,
-0.0481407,0.0572972,-0.0481407,0.0572972,-0.0114331,0.0114331,0.0591784,0.193182,
-0.0431297,0.0482502,-0.0431297,0.0482502,-0.00998434,0.00998434,0.0738783,0.180937,
-0.0389709,0.039704,-0.0389709,0.039704,-0.00888443,0.00888443,0.0876673,0.16993,
-0.0355721,0.0323151,-0.0355721,0.0323151,-0.00805905,0.00805905,0.100633,0.15993,
-0.0328037,0.0263343,-0.0328037,0.0263343,-0.00743731,0.00743731,0.112847,0.150742,
-0.0305287,0.0217484,-0.0305287,0.0217484,-0.00695812,0.00695812,0.124366,0.142216,
-0.0286215,0.0183925,-0.0286215,0.0183925,-0.00657286,0.00657286,0.135236,0.134235,
-0.0269773,0.0160329,-0.0269773,0.0160329,-0.00624547,0.00624547,0.145498,0.12672,
-0.0255145,0.014424,-0.0255145,0.014424,-0.0059511,0.0059511,0.155186,0.119614,
-0.0241746,0.0133413,-0.0241746,0.0133413,-0.00567403,0.00567403,0.164329,0.112879,
-0.0229182,0.0125993,-0.0229182,0.0125993,-0.00540547,0.00540547,0.172956,0.106491,
-0.0217214,0.0120562,-0.0217214,0.0120562,-0.00514143,0.00514143,0.181094,0.100433,
-0.0205712,0.0116117,-0.0205712,0.0116117,-0.00488102,0.00488102,0.188767,0.0946925,
-0.0194622,0.0112015,-0.0194622,0.0112015,-0.00462508,0.00462508,0.196001,0.0892582,
-0.0183936,0.0107887,-0.0183936,0.0107887,-0.00437521,0.00437521,0.202819,0.08412,
-0.0173665,0.0103569,-0.0173665,0.0103569,-0.00413318,0.00413318,0.209244,0.079267,
-0.0163832,0.00990266,-0.0163832,0.00990266,-0.00390051,0.00390051,0.215298,0.0746876,
-0.0154455,0.0094304,-0.0154455,0.0094304,-0.00367833,0.00367833,0.221002,0.0703696,
-0.0145547,0.00894825,-0.0145547,0.00894825,-0.0034673,0.0034673,0.226377,0.0663003,
-0.013711,0.00846529,-0.013711,0.00846529,-0.00326771,0.00326771,0.23144,0.0624668,
-0.0129141,0.00798986,-0.0129141,0.00798986,-0.00307948,0.00307948,0.236211,0.0588561,
-0.0121628,0.00752869,-0.0121628,0.00752869,-0.00290229,0.00290229,0.240706,0.0554556,
-0.0114554,0.00708665,-0.0114554,0.00708665,-0.00273566,0.00273566,0.244941,0.052253,
-0.0107897,0.00666676,-0.0107897,0.00666676,-0.002579,0.002579,0.248932,0.0492367,
-0.0101635,0.00627051,-0.0101635,0.00627051,-0.00243171,0.00243171,0.252693,0.0463955,
-0.00957458,0.00589817,-0.00957458,0.00589817,-0.00229315,0.00229315,0.256236,0.043719,
-0.00902052,0.00554918,-0.00902052,0.00554918,-0.00216274,0.00216274,0.259576,0.0411975,
-0.00849914,0.00522241,-0.00849914,0.00522241,-0.00203993,0.00203993,0.262722,0.0388218,
-0.00800835,0.00491647,-0.00800835,0.00491647,-0.00192421,0.00192421,0.265687,0.0365833,
-0.00754622,0.00462985,-0.00754622,0.00462985,-0.00181512,0.00181512,0.268482,0.034474,
-0.00711097,0.00436106,-0.00711097,0.00436106,-0.00171224,0.00171224,0.271115,0.0324863,
-0.00670092,0.0041087,-0.00670092,0.0041087,-0.00161521,0.00161521,0.273596,0.0306132,
-0.00631457,0.00387151,-0.00631457,0.00387151,-0.00152366,0.00152366,0.275934,0.0288481,
-0.0059505,0.00364835,-0.0059505,0.00364835,-0.00143728,0.00143728,0.278138,0.0271848,
-0.0056074,0.00343823,-0.0056074,0.00343823,-0.00135578,0.00135578,0.280214,0.0256173,
-0.00528406,0.00324027,-0.00528406,0.00324027,-0.00127889,0.00127889,0.282171,0.0241402,
-0.00497933,0.00305371,-0.00497933,0.00305371,-0.00120633,0.00120633,0.284014,0.0227483,
-0.00469216,0.00287784,-0.00469216,0.00287784,-0.00113788,0.00113788,0.285752,0.0214367,
-0.00442152,0.00271203,-0.00442152,0.00271203,-0.00107331,0.00107331,0.287389,0.0202007,
-0.00416649,0.00255571,-0.00416649,0.00255571,-0.00101239,0.00101239,0.288932,0.0190359,
-0.00392615,0.00240835,-0.00392615,0.00240835,-0.000954922,0.000954922,0.290386,0.0179384,
-0.00369968,0.00226944,-0.00369968,0.00226944,-0.000900713,0.000900713,0.291756,0.0169042,
-0.00348627,0.00213851,-0.00348627,0.00213851,-0.000849579,0.000849579,0.293047,0.0159296,
-0.00328518,0.00201512,-0.00328518,0.00201512,-0.000801345,0.000801345,0.294264,0.0150112,
-0.00309569,0.00189883,-0.00309569,0.00189883,-0.000755848,0.000755848,0.29541,0.0141458,
-0.00291713,0.00178925,-0.00291713,0.00178925,-0.000712932,0.000712932,0.296491,0.0133303,
-0.00274888,0.001686,-0.00274888,0.001686,-0.000672452,0.000672452,0.297509,0.0125619,
-0.00259034,0.0015887,-0.00259034,0.0015887,-0.00063427,0.00063427,0.298469,0.0118377,
-0.00244095,0.00149703,-0.00244095,0.00149703,-0.000598253,0.000598253,0.299373,0.0111553,
-0.00230018,0.00141064,-0.00230018,0.00141064,-0.000564281,0.000564281,0.300225,0.0105123,
-0.00216753,0.00132925,-0.00216753,0.00132925,-0.000532237,0.000532237,0.301028,0.00990637,
-0.00204253,0.00125256,-0.00204253,0.00125256,-0.00050201,0.00050201,0.301784,0.00933535,
-0.00192475,0.0011803,-0.00192475,0.0011803,-0.000473499,0.000473499,0.302497,0.00879727,
-0.00181376,0.00111221,-0.00181376,0.00111221,-0.000446606,0.000446606,0.303169,0.00829021,
-0.00170917,0.00104805,-0.00170917,0.00104805,-0.00042124,0.00042124,0.303803,0.00781239,
-0.00161061,0.000987593,-0.00161061,0.000987593,-0.000397313,0.000397313,0.304399,0.00736212,
-0.00151774,0.000930626,-0.00151774,0.000930626,-0.000374743,0.000374743,0.304962,0.00693781,
-0.00143023,0.000876945,-0.00143023,0.000876945,-0.000353455,0.000353455,0.305491,0.00653796,
-0.00134777,0.000826363,-0.00134777,0.000826363,-0.000333375,0.000333375,0.305991,0.00616116,
-0.00127006,0.000778699,-0.00127006,0.000778699,-0.000314435,0.000314435,0.306461,0.00580609,
-0.00119683,0.000733786,-0.00119683,0.000733786,-0.00029657,0.00029657,0.306905,0.00547149,
-0.00112783,0.000691463,-0.00112783,0.000691463,-0.000279719,0.000279719,0.307323,0.00515618,
-0.00106281,0.000651583,-0.00106281,0.000651583,-0.000263825,0.000263825,0.307717,0.00485904,
-0.00100154,0.000614004,-0.00100154,0.000614004,-0.000248834,0.000248834,0.308088,0.00457904,
-0.000943797,0.000578592,-0.000943797,0.000578592,-0.000234693,0.000234693,0.308438,0.00431517,
-0.000889388,0.000545224,-0.000889388,0.000545224,-0.000221355,0.000221355,0.308767,0.00406652,
-0.000838117,0.000513781,-0.000838117,0.000513781,-0.000208775,0.000208775,0.309078,0.0038322,
-0.000789803,0.000484152,-0.000789803,0.000484152,-0.000196909,0.000196909,0.30937,0.00361138,
-0.000744275,0.000456232,-0.000744275,0.000456232,-0.000185717,0.000185717,0.309646,0.0034033,
-0.000701372,0.000429923,-0.000701372,0.000429923,-0.00017516,0.00017516,0.309906,0.00320721,
-0.000660943,0.000405132,-0.000660943,0.000405132,-0.000165203,0.000165203,0.310151,0.00302242,
-0.000622846,0.000381771,-0.000622846,0.000381771,-0.000155812,0.000155812,0.310382,0.00284828,
-0.000586945,0.000359757,-0.000586945,0.000359757,-0.000146954,0.000146954,0.3106,0.00268417,
-0.000553114,0.000339013,-0.000553114,0.000339013,-0.000138599,0.000138599,0.310805,0.00252953,
-0.000521234,0.000319466,-0.000521234,0.000319466,-0.000130719,0.000130719,0.310998,0.0023838,
-0.000491193,0.000301046,-0.000491193,0.000301046,-0.000123286,0.000123286,0.31118,0.00224646,
-0.000462883,0.000283689,-0.000462883,0.000283689,-0.000116276,0.000116276,0.311351,0.00211704,
-0.000436205,0.000267333,-0.000436205,0.000267333,-0.000109663,0.000109663,0.311513,0.00199508,
-0.000411066,0.00025192,-0.000411066,0.00025192,-0.000103427,0.000103427,0.311666,0.00188015,
-0.000387376,0.000237396,-0.000387376,0.000237396,-9.75447e-05,9.75447e-05,0.311809,0.00177184,
-0.000365052,0.00022371,-0.000365052,0.00022371,-9.19968e-05,9.19968e-05,0.311945,0.00166978,
-0.000344014,0.000210813,-0.000344014,0.000210813,-8.6764e-05,8.6764e-05,0.312072,0.00157359,
-0.00032419,0.00019866,-0.00032419,0.00019866,-8.18287e-05,8.18287e-05,0.312192,0.00148295,
-0.000305508,0.000187208,-0.000305508,0.000187208,-7.71738e-05,7.71738e-05,0.312306,0.00139753,
-0.000287903,0.000176416,-0.000287903,0.000176416,-7.27834e-05,7.27834e-05,0.312412,0.00131703,
-0.000271314,0.000166247,-0.000271314,0.000166247,-6.86425e-05,6.86425e-05,0.312513,0.00124117,
-0.00025568,0.000156664,-0.00025568,0.000156664,-6.4737e-05,6.4737e-05,0.312608,0.00116968,
-0.000240947,0.000147634,-0.000240947,0.000147634,-6.10535e-05,6.10535e-05,0.312697,0.00110231,
-0.000227064,0.000139124,-0.000227064,0.000139124,-5.75793e-05,5.75793e-05,0.312781,0.00103882,
-0.000213981,0.000131105,-0.000213981,0.000131105,-5.43026e-05,5.43026e-05,0.312861,0.000978988,
-0.000201652,0.000123548,-0.000201652,0.000123548,-5.12122e-05,5.12122e-05,0.312935,0.000922604,
-0.000190034,0.000116427,-0.000190034,0.000116427,-4.82975e-05,4.82975e-05,0.313006,0.000869468,
-0.000179085,0.000109717,-0.000179085,0.000109717,-4.55485e-05,4.55485e-05,0.313072,0.000819394,
-0.000168767,0.000103394,-0.000168767,0.000103394,-4.29558e-05,4.29558e-05,0.313135,0.000772205,
-0.000159044,9.74347e-05,-0.000159044,9.74347e-05,-4.05104e-05,4.05104e-05,0.313194,0.000727734,
-0.000149882,9.18194e-05,-0.000149882,9.18194e-05,-3.82042e-05,3.82042e-05,0.313249,0.000685825,
-0.000141247,8.65278e-05,-0.000141247,8.65278e-05,-3.6029e-05,3.6029e-05,0.313302,0.00064633,
-0.00013311,8.15413e-05,-0.00013311,8.15413e-05,-3.39776e-05,3.39776e-05,0.313351,0.00060911,
-0.000125442,7.68423e-05,-0.000125442,7.68423e-05,-3.20428e-05,3.20428e-05,0.313398,0.000574034,
-0.000118216,7.24141e-05,-0.000118216,7.24141e-05,-3.02181e-05,3.02181e-05,0.313442,0.000540979,
-0.000111406,6.82412e-05,-0.000111406,6.82412e-05,-2.84971e-05,2.84971e-05,0.313483,0.000509827,
-0.000104988,6.43089e-05,-0.000104988,6.43089e-05,-2.68741e-05,2.68741e-05,0.313522,0.00048047,
-9.89408e-05,6.06032e-05,-9.89408e-05,6.06032e-05,-2.53433e-05,2.53433e-05,0.313558,0.000452804,
-9.32417e-05,5.71112e-05,-9.32417e-05,5.71112e-05,-2.38996e-05,2.38996e-05,0.313593,0.000426732,
-8.7871e-05,5.38204e-05,-8.7871e-05,5.38204e-05,-2.25381e-05,2.25381e-05,0.313626,0.000402161,
-8.28097e-05,5.07194e-05,-8.28097e-05,5.07194e-05,-2.1254e-05,2.1254e-05,0.313656,0.000379005,
-7.804e-05,4.7797e-05,-7.804e-05,4.7797e-05,-2.00429e-05,2.00429e-05,0.313685,0.000357183,
-7.35452e-05,4.50431e-05,-7.35452e-05,4.50431e-05,-1.89008e-05,1.89008e-05,0.313713,0.000336618,
-6.93093e-05,4.2448e-05,-6.93093e-05,4.2448e-05,-1.78237e-05,1.78237e-05,0.313738,0.000317237,
-6.53175e-05,4.00024e-05,-6.53175e-05,4.00024e-05,-1.68078e-05,1.68078e-05,0.313763,0.000298972,
-6.15557e-05,3.76977e-05,-6.15557e-05,3.76977e-05,-1.58498e-05,1.58498e-05,0.313785,0.000281759,
-5.80105e-05,3.55259e-05,-5.80105e-05,3.55259e-05,-1.49463e-05,1.49463e-05,0.313807,0.000265538,
-5.46697e-05,3.34792e-05,-5.46697e-05,3.34792e-05,-1.40942e-05,1.40942e-05,0.313827,0.000250251,
-5.15212e-05,3.15505e-05,-5.15212e-05,3.15505e-05,-1.32906e-05,1.32906e-05,0.313846,0.000235843,
-4.85542e-05,2.9733e-05,-4.85542e-05,2.9733e-05,-1.25327e-05,1.25327e-05,0.313864,0.000222266,
-4.57581e-05,2.80201e-05,-4.57581e-05,2.80201e-05,-1.1818e-05,1.1818e-05,0.313881,0.000209471,
-4.3123e-05,2.6406e-05,-4.3123e-05,2.6406e-05,-1.1144e-05,1.1144e-05,0.313897,0.000197412,
-4.06398e-05,2.48849e-05,-4.06398e-05,2.48849e-05,-1.05084e-05,1.05084e-05,0.313912,0.000186047,
-3.82996e-05,2.34515e-05,-3.82996e-05,2.34515e-05,-9.90892e-06,9.90892e-06,0.313927,0.000175337,
-3.60942e-05,2.21006e-05,-3.60942e-05,2.21006e-05,-9.3436e-06,9.3436e-06,0.31394,0.000165244,
-3.40158e-05,2.08276e-05,-3.40158e-05,2.08276e-05,-8.81047e-06,8.81047e-06,0.313953,0.000155732,
-3.20571e-05,1.9628e-05,-3.20571e-05,1.9628e-05,-8.30771e-06,8.30771e-06,0.313964,0.000146767,
-3.02113e-05,1.84974e-05,-3.02113e-05,1.84974e-05,-7.83358e-06,7.83358e-06,0.313976,0.000138319,
-2.84718e-05,1.7432e-05,-2.84718e-05,1.7432e-05,-7.38646e-06,7.38646e-06,0.313986,0.000130357,
-2.68324e-05,1.6428e-05,-2.68324e-05,1.6428e-05,-6.9648e-06,6.9648e-06,0.313996,0.000122854,
-2.52875e-05,1.54818e-05,-2.52875e-05,1.54818e-05,-6.56717e-06,6.56717e-06,0.314006,0.000115782,
-2.38316e-05,1.45902e-05,-2.38316e-05,1.45902e-05,-6.19219e-06,6.19219e-06,0.314014,0.000109118,
-2.24595e-05,1.37499e-05,-2.24595e-05,1.37499e-05,-5.83857e-06,5.83857e-06,0.314023,0.000102837,
-2.11664e-05,1.2958e-05,-2.11664e-05,1.2958e-05,-5.50511e-06,5.50511e-06,0.314031,9.69182e-05,
-1.99478e-05,1.22118e-05,-1.99478e-05,1.22118e-05,-5.19065e-06,5.19065e-06,0.314038,9.13398e-05,
-1.87994e-05,1.15085e-05,-1.87994e-05,1.15085e-05,-4.89411e-06,4.89411e-06,0.314045,8.60826e-05,
-1.77171e-05,1.08458e-05,-1.77171e-05,1.08458e-05,-4.61447e-06,4.61447e-06,0.314052,8.11281e-05,
-1.66972e-05,1.02212e-05,-1.66972e-05,1.02212e-05,-4.35077e-06,4.35077e-06,0.314058,7.64588e-05,
-1.57359e-05,9.63261e-06,-1.57359e-05,9.63261e-06,-4.10211e-06,4.10211e-06,0.314064,7.20582e-05,
-1.48301e-05,9.07792e-06,-1.48301e-05,9.07792e-06,-3.86762e-06,3.86762e-06,0.314069,6.7911e-05,
-1.39763e-05,8.55519e-06,-1.39763e-05,8.55519e-06,-3.64651e-06,3.64651e-06,0.314074,6.40025e-05,
-1.31718e-05,8.06256e-06,-1.31718e-05,8.06256e-06,-3.438e-06,3.438e-06,0.314079,6.0319e-05,
-1.24136e-05,7.59831e-06,-1.24136e-05,7.59831e-06,-3.24138e-06,3.24138e-06,0.314084,5.68475e-05,
-1.1699e-05,7.1608e-06,-1.1699e-05,7.1608e-06,-3.05598e-06,3.05598e-06,0.314088,5.35759e-05,
-1.10256e-05,6.74849e-06,-1.10256e-05,6.74849e-06,-2.88115e-06,2.88115e-06,0.314092,5.04926e-05,
-1.03909e-05,6.35993e-06,-1.03909e-05,6.35993e-06,-2.7163e-06,2.7163e-06,0.314096,4.75867e-05,
-9.79283e-06,5.99375e-06,-9.79283e-06,5.99375e-06,-2.56085e-06,2.56085e-06,0.3141,4.48481e-05,
-9.22916e-06,5.64866e-06,-9.22916e-06,5.64866e-06,-2.41428e-06,2.41428e-06,0.314103,4.22671e-05,
-8.69794e-06,5.32344e-06,-8.69794e-06,5.32344e-06,-2.27607e-06,2.27607e-06,0.314106,3.98347e-05,
-8.1973e-06,5.01696e-06,-8.1973e-06,5.01696e-06,-2.14574e-06,2.14574e-06,0.314109,3.75423e-05,
-7.72549e-06,4.72812e-06,-7.72549e-06,4.72812e-06,-2.02286e-06,2.02286e-06,0.314112,3.53818e-05,
-7.28085e-06,4.45592e-06,-7.28085e-06,4.45592e-06,-1.90699e-06,1.90699e-06,0.314115,3.33457e-05,
-6.8618e-06,4.19939e-06,-6.8618e-06,4.19939e-06,-1.79774e-06,1.79774e-06,0.314118,3.14267e-05,
-6.46687e-06,3.95764e-06,-6.46687e-06,3.95764e-06,-1.69472e-06,1.69472e-06,0.31412,2.96182e-05,
-6.09468e-06,3.72981e-06,-6.09468e-06,3.72981e-06,-1.59759e-06,1.59759e-06,0.314122,2.79138e-05,
-5.74392e-06,3.51509e-06,-5.74392e-06,3.51509e-06,-1.50601e-06,1.50601e-06,0.314124,2.63075e-05,
-5.41335e-06,3.31274e-06,-5.41335e-06,3.31274e-06,-1.41966e-06,1.41966e-06,0.314126,2.47936e-05,
-5.1018e-06,3.12205e-06,-5.1018e-06,3.12205e-06,-1.33825e-06,1.33825e-06,0.314128,2.33669e-05,
-4.80819e-06,2.94233e-06,-4.80819e-06,2.94233e-06,-1.26148e-06,1.26148e-06,0.31413,2.20222e-05,
-4.53149e-06,2.77296e-06,-4.53149e-06,2.77296e-06,-1.18911e-06,1.18911e-06,0.314132,2.07549e-05,
-4.2707e-06,2.61335e-06,-4.2707e-06,2.61335e-06,-1.12087e-06,1.12087e-06,0.314133,1.95606e-05,
-4.02494e-06,2.46292e-06,-4.02494e-06,2.46292e-06,-1.05653e-06,1.05653e-06,0.314135,1.8435e-05,
-3.79331e-06,2.32116e-06,-3.79331e-06,2.32116e-06,-9.9587e-07,9.9587e-07,0.314136,1.73742e-05,
-3.57502e-06,2.18756e-06,-3.57502e-06,2.18756e-06,-9.3868e-07,9.3868e-07,0.314138,1.63744e-05,
-3.36929e-06,2.06165e-06,-3.36929e-06,2.06165e-06,-8.84762e-07,8.84762e-07,0.314139,1.54321e-05,
-3.17541e-06,1.94299e-06,-3.17541e-06,1.94299e-06,-8.33928e-07,8.33928e-07,0.31414,1.45441e-05,
-2.99268e-06,1.83116e-06,-2.99268e-06,1.83116e-06,-7.86003e-07,7.86003e-07,0.314141,1.37071e-05,
-2.82047e-06,1.72577e-06,-2.82047e-06,1.72577e-06,-7.40821e-07,7.40821e-07,0.314142,1.29184e-05,
-2.65817e-06,1.62644e-06,-2.65817e-06,1.62644e-06,-6.98225e-07,6.98225e-07,0.314143,1.2175e-05,
-2.50521e-06,1.53284e-06,-2.50521e-06,1.53284e-06,-6.58068e-07,6.58068e-07,0.314144,1.14744e-05,
-2.36106e-06,1.44462e-06,-2.36106e-06,1.44462e-06,-6.2021e-07,6.2021e-07,0.314145,1.08141e-05,
-2.2252e-06,1.36148e-06,-2.2252e-06,1.36148e-06,-5.84521e-07,5.84521e-07,0.314146,1.01918e-05,
-2.09716e-06,1.28313e-06,-2.09716e-06,1.28313e-06,-5.50876e-07,5.50876e-07,0.314147,9.6053e-06,
-1.97649e-06,1.20928e-06,-1.97649e-06,1.20928e-06,-5.19159e-07,5.19159e-07,0.314147,9.05256e-06,
-1.86276e-06,1.13969e-06,-1.86276e-06,1.13969e-06,-4.8926e-07,4.8926e-07,0.314148,8.53162e-06,
-1.75558e-06,1.07411e-06,-1.75558e-06,1.07411e-06,-4.61074e-07,4.61074e-07,0.314149,8.04066e-06,
-1.65457e-06,1.0123e-06,-1.65457e-06,1.0123e-06,-4.34505e-07,4.34505e-07,0.314149,7.57794e-06,
-1.55936e-06,9.54044e-07,-1.55936e-06,9.54044e-07,-4.09459e-07,4.09459e-07,0.31415,7.14185e-06,
-1.46964e-06,8.99144e-07,-1.46964e-06,8.99144e-07,-3.8585e-07,3.8585e-07,0.31415,6.73086e-06,
-1.38508e-06,8.47404e-07,-1.38508e-06,8.47404e-07,-3.63596e-07,3.63596e-07,0.314151,6.34351e-06,
-1.30539e-06,7.98642e-07,-1.30539e-06,7.98642e-07,-3.42618e-07,3.42618e-07,0.314151,5.97845e-06,
-1.23028e-06,7.52686e-07,-1.23028e-06,7.52686e-07,-3.22845e-07,3.22845e-07,0.314152,5.63439e-06,
-1.15949e-06,7.09376e-07,-1.15949e-06,7.09376e-07,-3.04207e-07,3.04207e-07,0.314152,5.31013e-06,
-1.09278e-06,6.68558e-07,-1.09278e-06,6.68558e-07,-2.8664e-07,2.8664e-07,0.314153,5.00453e-06,
-1.0299e-06,6.30089e-07,-1.0299e-06,6.30089e-07,-2.70082e-07,2.70082e-07,0.314153,4.71651e-06,
-9.70647e-07,5.93835e-07,-9.70647e-07,5.93835e-07,-2.54475e-07,2.54475e-07,0.314153,4.44506e-06,
-9.148e-07,5.59667e-07,-9.148e-07,5.59667e-07,-2.39765e-07,2.39765e-07,0.314154,4.18923e-06,
-8.62166e-07,5.27465e-07,-8.62166e-07,5.27465e-07,-2.25901e-07,2.25901e-07,0.314154,3.94812e-06,
-8.1256e-07,4.97116e-07,-8.1256e-07,4.97116e-07,-2.12834e-07,2.12834e-07,0.314154,3.72089e-06,
-7.65808e-07,4.68514e-07,-7.65808e-07,4.68514e-07,-2.00519e-07,2.00519e-07,0.314155,3.50673e-06,
-7.21747e-07,4.41558e-07,-7.21747e-07,4.41558e-07,-1.88912e-07,1.88912e-07,0.314155,3.30489e-06,
-2.98411e-07,6.23046e-06,-2.98411e-07,6.23046e-06,-1.37906e-07,1.37906e-07,0.314155,3.06856e-06,
1.14877e-08,1.66824e-06,1.14877e-08,1.66824e-06,-1.00671e-07,1.00671e-07,0.314155,3.1072e-06,
4.21081e-08,-3.50625e-07,4.21081e-08,-3.50625e-07,-7.349e-08,7.349e-08,0.314156,3.14824e-06,
1.01654e-08,-3.14735e-07,1.01654e-08,-3.14735e-07,-5.36477e-08,5.36477e-08,0.314156,3.15421e-06,
-2.67693e-09,-4.14446e-08,-2.67693e-09,-4.14446e-08,-3.91628e-08,3.91628e-08,0.314156,3.15025e-06,
-2.06753e-09,2.95752e-08,-2.06753e-09,2.95752e-08,-2.85889e-08,2.85889e-08,0.314156,3.14818e-06,
-2.23516e-10,1.35985e-08,-2.23516e-10,1.35985e-08,-2.08699e-08,2.08699e-08,0.314157,3.14799e-06,
2.07784e-10,-9.11168e-11,2.07784e-10,-9.11168e-11,-1.5235e-08,1.5235e-08,0.314157,3.14811e-06,
8.67125e-11,-1.79909e-09,8.67125e-11,-1.79909e-09,-1.11216e-08,1.11216e-08,0.314157,3.14809e-06,
-3.08481e-12,-4.86462e-10,-3.08481e-12,-4.86462e-10,-8.11874e-09,8.11874e-09,0.314157,3.14801e-06,
-1.21656e-11,9.99307e-11,-1.21656e-11,9.99307e-11,-5.92668e-09,5.92668e-09,0.314158,3.14796e-06,
-2.96748e-12,9.1137e-11,-2.96748e-12,9.1137e-11,-4.32648e-09,4.32648e-09,0.314158,3.14792e-06,
7.64942e-13,1.22096e-11,7.64942e-13,1.22096e-11,-3.15833e-09,3.15833e-09,0.314158,3.1479e-06,
5.9898e-13,-8.50624e-12,5.9898e-13,-8.50624e-12,-2.30558e-09,2.30558e-09,0.314158,3.14788e-06,
6.61352e-14,-3.94889e-12,6.61352e-14,-3.94889e-12,-1.68307e-09,1.68307e-09,0.314159,3.14787e-06,
-5.9814e-14,1.57458e-14,-5.9814e-14,1.57458e-14,-1.22864e-09,1.22864e-09,0.314159,3.14786e-06,
-2.51954e-14,5.19472e-13,-2.51954e-14,5.19472e-13,-8.96909e-10,8.96909e-10,0.314159,3.14785e-06,
8.23255e-16,1.4184e-13,8.23255e-16,1.4184e-13,-6.54744e-10,6.54744e-10,0.314159,3.14785e-06,
3.51464e-15,-2.84725e-14,3.51464e-15,-2.84725e-14,-4.77963e-10,4.77963e-10,0.31416,3.14784e-06,
8.66166e-16,-2.6389e-14,8.66166e-16,-2.6389e-14,-3.48913e-10,3.48913e-10,0.31416,3.14784e-06,
-2.18536e-16,-3.5957e-15,-2.18536e-16,-3.5957e-15,-2.54706e-10,2.54706e-10,0.31416,3.14784e-06,
-1.73521e-16,2.44629e-15,-1.73521e-16,2.44629e-15,-1.85936e-10,1.85936e-10,0.31416,3.14784e-06,
-1.95585e-17,1.14666e-15,-1.95585e-17,1.14666e-15,-1.35733e-10,1.35733e-10,0.314161,3.14784e-06,
1.72171e-17,-1.47939e-18,1.72171e-17,-1.47939e-18,-9.90851e-11,9.90851e-11,0.314161,3.14784e-06,
7.32042e-18,-1.49985e-16,7.32042e-18,-1.49985e-16,-7.23322e-11,7.23322e-11,0.314161,3.14784e-06,
-2.1811e-19,-4.13528e-17,-2.1811e-19,-4.13528e-17,-5.28025e-11,5.28025e-11,0.314161,3.14784e-06,
-1.01532e-18,8.10992e-18,-1.01532e-18,8.10992e-18,-3.85458e-11,3.85458e-11,0.314162,3.14783e-06,
-2.52793e-19,7.64069e-18,-2.52793e-19,7.64069e-18,-2.81384e-11,2.81384e-11,0.314162,3.14783e-06,
6.24193e-20,1.05858e-18,6.24193e-20,1.05858e-18,-2.05411e-11,2.05411e-11,0.314162,3.14783e-06,
5.02656e-20,-7.03457e-19,5.02656e-20,-7.03457e-19,-1.4995e-11,1.4995e-11,0.314162,3.14783e-06,
5.78133e-21,-3.32943e-19,5.78133e-21,-3.32943e-19,-1.09463e-11,1.09463e-11,0.314163,3.14783e-06,
-4.95542e-21,-4.63323e-22,-4.95542e-21,-4.63323e-22,-7.99082e-12,7.99082e-12,0.314163,3.14783e-06,
-2.12679e-21,4.33021e-20,-2.12679e-21,4.33021e-20,-5.8333e-12,5.8333e-12,0.314163,3.14783e-06,
5.72843e-23,1.20551e-20,5.72843e-23,1.20551e-20,-4.25831e-12,4.25831e-12,0.314163,3.14783e-06,
2.93295e-22,-2.30924e-21,2.93295e-22,-2.30924e-21,-3.10857e-12,3.10857e-12,0.314164,3.14783e-06,
7.37704e-23,-2.21218e-21,7.37704e-23,-2.21218e-21,-2.26925e-12,2.26925e-12,0.314164,3.14783e-06,
-1.78243e-23,-3.11547e-22,-1.78243e-23,-3.11547e-22,-1.65655e-12,1.65655e-12,0.314164,3.14783e-06,
-1.45602e-23,2.02268e-22,-1.45602e-23,2.02268e-22,-1.20928e-12,1.20928e-12,0.314164,3.14783e-06,
-1.70812e-24,9.66676e-23,-1.70812e-24,9.66676e-23,-8.82778e-13,8.82778e-13,0.314165,3.14783e-06,
1.42615e-24,3.92305e-25,1.42615e-24,3.92305e-25,-6.44428e-13,6.44428e-13,0.314165,3.14783e-06,
6.17858e-25,-1.25011e-23,6.17858e-25,-1.25011e-23,-4.70432e-13,4.70432e-13,0.314165,3.14783e-06,
-1.48866e-26,-3.51397e-24,-1.48866e-26,-3.51397e-24,-3.43416e-13,3.43416e-13,0.314165,3.14783e-06,
-8.47195e-26,6.57321e-25,-8.47195e-26,6.57321e-25,-2.50693e-13,2.50693e-13,0.314166,3.14783e-06,
-2.15254e-26,6.40455e-25,-2.15254e-26,6.40455e-25,-1.83006e-13,1.83006e-13,0.314166,3.14783e-06,
5.08862e-27,9.16622e-26,5.08862e-27,9.16622e-26,-1.33595e-13,1.33595e-13,0.314166,3.14783e-06,
4.21742e-27,-5.81532e-26,4.21742e-27,-5.81532e-26,-9.7524e-14,9.7524e-14,0.314166,3.14783e-06,
5.04443e-28,-2.80652e-26,5.04443e-28,-2.80652e-26,-7.11925e-14,7.11925e-14,0.314167,3.14783e-06,
-4.10407e-28,-1.88326e-28,-4.10407e-28,-1.88326e-28,-5.19705e-14,5.19705e-14,0.314167,3.14783e-06,
-1.79484e-28,3.60878e-27,-1.79484e-28,3.60878e-27,-3.79385e-14,3.79385e-14,0.314167,3.14783e-06,
3.818e-30,1.0242e-27,3.818e-30,1.0242e-27,-2.76951e-14,2.76951e-14,0.314167,3.14783e-06,
2.44703e-29,-1.87041e-28,2.44703e-29,-1.87041e-28,-2.02174e-14,2.02174e-14,0.314168,3.14783e-06,
6.28023e-30,-1.85411e-28,6.28023e-30,-1.85411e-28,-1.47587e-14,1.47587e-14,0.314168,3.14783e-06,
-1.45238e-30,-2.69604e-29,-1.45238e-30,-2.69604e-29,-1.07739e-14,1.07739e-14,0.314168,3.14783e-06,
-1.22153e-30,1.67178e-29,-1.22153e-30,1.67178e-29,-7.86492e-15,7.86492e-15,0.314168,3.14783e-06,
-1.48909e-31,8.14765e-30,-1.48909e-31,8.14765e-30,-5.74139e-15,5.74139e-15,0.314169,3.14783e-06,
1.18094e-31,7.61637e-32,1.18094e-31,7.61637e-32,-4.19122e-15,4.19122e-15,0.314169,3.14783e-06,
5.21362e-32,-1.04172e-30,5.21362e-32,-1.04172e-30,-3.05959e-15,3.05959e-15,0.314169,3.14783e-06,
-9.62888e-34,-2.9849e-31,-9.62888e-34,-2.9849e-31,-2.2335e-15,2.2335e-15,0.314169,3.14783e-06,
-7.06759e-33,5.32039e-32,-7.06759e-33,5.32039e-32,-1.63045e-15,1.63045e-15,0.314169,3.14783e-06,
-1.83212e-33,5.36738e-32,-1.83212e-33,5.36738e-32,-1.19023e-15,1.19023e-15,0.31417,3.14783e-06,
4.14429e-34,7.92751e-33,4.14429e-34,7.92751e-33,-8.68869e-16,8.68869e-16,0.31417,3.14783e-06,
3.53786e-34,-4.80552e-33,3.53786e-34,-4.80552e-33,-6.34274e-16,6.34274e-16,0.31417,3.14783e-06,
4.39389e-35,-2.36523e-33,4.39389e-35,-2.36523e-33,-4.6302e-16,4.6302e-16,0.31417,3.14783e-06,
-3.39782e-35,-2.83156e-35,-3.39782e-35,-2.83156e-35,-3.38005e-16,3.38005e-16,0.314171,3.14783e-06,
-1.51435e-35,3.00687e-34,-1.51435e-35,3.00687e-34,-2.46744e-16,2.46744e-16,0.314171,3.14783e-06,
2.37502e-37,8.69838e-35,2.37502e-37,8.69838e-35,-1.80123e-16,1.80123e-16,0.314171,3.14783e-06,
2.04118e-36,-1.51283e-35,2.04118e-36,-1.51283e-35,-1.3149e-16,1.3149e-16,0.314171,3.14783e-06,
5.34425e-37,-1.55371e-35,5.34425e-37,-1.55371e-35,-9.59874e-17,9.59874e-17,0.314172,3.14783e-06,
-1.18224e-37,-2.33037e-36,-1.18224e-37,-2.33037e-36,-7.00708e-17,7.00708e-17,0.314172,3.14783e-06,
-1.02461e-37,1.38121e-36,-1.02461e-37,1.38121e-36,-5.11517e-17,5.11517e-17,0.314172,3.14783e-06,
-1.296e-38,6.86578e-37,-1.296e-38,6.86578e-37,-3.73407e-17,3.73407e-17,0.314172,3.14783e-06,
9.77547e-39,1.00115e-38,9.77547e-39,1.00115e-38,-2.72587e-17,2.72587e-17,0.314173,3.14783e-06,
4.39836e-39,-8.67869e-38,4.39836e-39,-8.67869e-38,-1.98989e-17,1.98989e-17,0.314173,3.14783e-06,
-5.68078e-41,-2.53459e-38,-5.68078e-41,-2.53459e-38,-1.45262e-17,1.45262e-17,0.314173,3.14783e-06,
-5.89476e-40,4.30003e-39,-5.89476e-40,4.30003e-39,-1.06041e-17,1.06041e-17,0.314173,3.14783e-06,
-1.55875e-40,4.49733e-39,-1.55875e-40,4.49733e-39,-7.741e-18,7.741e-18,0.314174,3.14783e-06,
3.37165e-41,6.84848e-40,3.37165e-41,6.84848e-40,-5.65093e-18,5.65093e-18,0.314174,3.14783e-06,
2.96724e-41,-3.96948e-40,2.96724e-41,-3.96948e-40,-4.12518e-18,4.12518e-18,0.314174,3.14783e-06,
3.82114e-42,-1.99289e-40,3.82114e-42,-1.99289e-40,-3.01138e-18,3.01138e-18,0.314174,3.14783e-06,
-2.81214e-42,-3.42349e-42,-2.81214e-42,-3.42349e-42,-2.19831e-18,2.19831e-18,0.314175,3.14783e-06,
-1.27741e-42,2.50478e-41,-1.27741e-42,2.50478e-41,-1.60477e-18,1.60477e-18,0.314175,3.14783e-06,
1.2985e-44,7.38481e-42,1.2985e-44,7.38481e-42,-1.17148e-18,1.17148e-18,0.314175,3.14783e-06,
1.70227e-43,-1.22175e-42,1.70227e-43,-1.22175e-42,-8.55179e-19,8.55179e-19,0.314175,3.14783e-06,
4.54591e-44,-1.30173e-42,4.54591e-44,-1.30173e-42,-6.24281e-19,6.24281e-19,0.314176,3.14783e-06,
-9.61297e-45,-2.01209e-43,-9.61297e-45,-2.01209e-43,-4.55725e-19,4.55725e-19,0.314176,3.14783e-06,
-8.59267e-45,1.14068e-43,-8.59267e-45,1.14068e-43,-3.32679e-19,3.32679e-19,0.314176,3.14783e-06,
-1.12621e-45,5.78434e-44,-1.12621e-45,5.78434e-44,-2.42856e-19,2.42856e-19,0.314176,3.14783e-06,
8.08903e-46,1.14312e-45,8.08903e-46,1.14312e-45,-1.77285e-19,1.77285e-19,0.314177,3.14783e-06,
3.70974e-46,-7.22869e-45,3.70974e-46,-7.22869e-45,-1.29418e-19,1.29418e-19,0.314177,3.14783e-06,
-2.75686e-48,-2.15146e-45,-2.75686e-48,-2.15146e-45,-9.44751e-20,9.44751e-20,0.314177,3.14783e-06,
-4.91551e-47,3.46986e-46,-4.91551e-47,3.46986e-46,-6.89668e-20,6.89668e-20,0.314177,3.14783e-06,
-1.32563e-47,3.76761e-46,-1.32563e-47,3.76761e-46,-5.03458e-20,5.03458e-20,0.314178,3.14783e-06,
2.73999e-48,5.91004e-47,2.73999e-48,5.91004e-47,-3.67524e-20,3.67524e-20,0.314178,3.14783e-06,
2.48819e-48,-3.27754e-47,2.48819e-48,-3.27754e-47,-2.68293e-20,2.68293e-20,0.314178,3.14783e-06,
3.31813e-49,-1.67881e-47,3.31813e-49,-1.67881e-47,-1.95854e-20,1.95854e-20,0.314178,3.14783e-06,
-2.32657e-49,-3.7494e-49,-2.32657e-49,-3.7494e-49,-1.42973e-20,1.42973e-20,0.314179,3.14783e-06,
-0.080206,-1.2214,-0.080206,-1.2214,-0.0349278,0.0349278,0.315215,0.00958979,
-0.221905,-1.55973,-0.221905,-1.55973,-0.0618427,0.0618427,0.31537,-0.0261661,
-0.295699,-0.359964,-0.295699,-0.359964,-0.066452,0.066452,0.30989,-0.117119,
-0.284106,0.352812,-0.284106,0.352812,-0.0566746,0.0566746,0.296912,-0.20799,
-0.228285,0.677294,-0.228285,0.677294,-0.0387797,0.0387797,0.277253,-0.282955,
-0.156771,0.75737,-0.156771,0.75737,-0.0186622,0.0186622,0.252506,-0.336391,
-0.08664,0.697095,-0.08664,0.697095,-0.000426861,0.000426861,0.224436,-0.368171,
-0.0268546,0.569069,-0.0268546,0.569069,0.0137949,-0.0137949,0.194668,-0.381153,
0.0190505,0.420389,0.0190505,0.420389,0.0233901,-0.0233901,0.164529,-0.379451,
0.0508925,0.279039,0.0508925,0.279039,0.0287016,-0.0287016,0.135003,-0.367346,
0.0703408,0.159521,0.0703408,0.159521,0.0305551,-0.0305551,0.106747,-0.348685,
0.0798885,0.0672785,0.0798885,0.0672785,0.0299253,-0.0299253,0.0801391,-0.326586,
0.0821873,0.00206135,0.0821873,0.00206135,0.027731,-0.027731,0.0553466,-0.303371,
0.0796562,-0.0395527,0.0796562,-0.0395527,0.0247308,-0.0247308,0.0323834,-0.280616,
0.0742883,-0.0623755,0.0742883,-0.0623755,0.021488,-0.021488,0.0111666,-0.259277,
0.0675918,-0.071433,0.0675918,-0.071433,0.0183774,-0.0183774,-0.00844059,-0.239826,
0.0606145,-0.0712721,0.0606145,-0.0712721,0.0156153,-0.0156153,-0.0265966,-0.2224,
0.0540134,-0.065622,0.0540134,-0.065622,0.0132967,-0.0132967,-0.0434604,-0.206919,
0.0481407,-0.0572972,0.0481407,-0.0572972,0.0114331,-0.0114331,-0.0591784,-0.193182,
0.0431297,-0.0482502,0.0431297,-0.0482502,0.00998434,-0.00998434,-0.0738783,-0.180937,
0.0389709,-0.039704,0.0389709,-0.039704,0.00888443,-0.00888443,-0.0876673,-0.16993,
0.0355721,-0.0323151,0.0355721,-0.0323151,0.00805905,-0.00805905,-0.100633,-0.15993,
0.0328037,-0.0263343,0.0328037,-0.0263343,0.00743731,-0.00743731,-0.112847,-0.150742,
0.0305287,-0.0217484,0.0305287,-0.0217484,0.00695812,-0.00695812,-0.124366,-0.142216,
0.0286215,-0.0183925,0.0286215,-0.0183925,0.00657286,-0.00657286,-0.135236,-0.134235,
0.0269773,-0.0160329,0.0269773,-0.0160329,0.00624547,-0.00624547,-0.145498,-0.12672,
0.0255145,-0.014424,0.0255145,-0.014424,0.0059511,-0.0059511,-0.155186,-0.119614,
0.0241746,-0.0133413,0.0241746,-0.0133413,0.00567403,-0.00567403,-0.164329,-0.112879,
0.0229182,-0.0125993,0.0229182,-0.0125993,0.00540547,-0.00540547,-0.172956,-0.106491,
0.0217214,-0.0120562,0.0217214,-0.0120562,0.00514143,-0.00514143,-0.181094,-0.100433,
0.0205712,-0.0116117,0.0205712,-0.0116117,0.00488102,-0.00488102,-0.188767,-0.0946925,
0.0194622,-0.0112015,0.0194622,-0.0112015,0.00462508,-0.00462508,-0.196001,-0.0892582,
0.0183936,-0.0107887,0.0183936,-0.0107887,0.00437521,-0.00437521,-0.202819,-0.08412,
0.0173665,-0.0103569,0.0173665,-0.0103569,0.00413318,-0.00413318,-0.209244,-0.079267,
0.0163832,-0.00990266,0.0163832,-0.00990266,0.00390051,-0.00390051,-0.215298,-0.0746876,
0.0154455,-0.0094304,0.0154455,-0.0094304,0.00367833,-0.00367833,-0.221002,-0.0703696,
0.0145547,-0.00894825,0.0145547,-0.00894825,0.0034673,-0.0034673,-0.226377,-0.0663003,
0.013711,-0.00846529,0.013711,-0.00846529,0.00326771,-0.00326771,-0.23144,-0.0624668,
0.0129141,-0.00798986,0.0129141,-0.00798986,0.00307948,-0.00307948,-0.236211,-0.0588561,
0.0121628,-0.00752869,0.0121628,-0.00752869,0.00290229,-0.00290229,-0.240706,-0.0554556,
0.0114554,-0.00708665,0.0114554,-0.00708665,0.00273566,-0.00273566,-0.244941,-0.052253,
0.0107897,-0.00666676,0.0107897,-0.00666676,0.002579,-0.002579,-0.248932,-0.0492367,
0.0101635,-0.00627051,0.0101635,-0.00627051,0.00243171,-0.00243171,-0.252693,-0.0463955,
0.00957458,-0.00589817,0.00957458,-0.00589817,0.00229315,-0.00229315,-0.256236,-0.043719,
0.00902052,-0.00554918,0.00902052,-0.00554918,0.00216274,-0.00216274,-0.259576,-0.0411975,
0.00849914,-0.00522241,0.00849914,-0.00522241,0.00203993,-0.00203993,-0.262722,-0.0388218,
0.00800835,-0.00491647,0.00800835,-0.00491647,0.00192421,-0.00192421,-0.265687,-0.0365833,
0.00754622,-0.00462985,0.00754622,-0.00462985,0.00181512,-0.00181512,-0.268482,-0.034474,
0.00711097,-0.00436106,0.00711097,-0.00436106,0.00171224,-0.00171224,-0.271115,-0.0324863,
0.00670092,-0.0041087,0.00670092,-0.0041087,0.00161521,-0.00161521,-0.273596,-0.0306132,
0.00631457,-0.00387151,0.00631457,-0.00387151,0.00152366,-0.00152366,-0.275934,-0.0288481,
0.0059505,-0.00364835,0.0059505,-0.00364835,0.00143728,-0.00143728,-0.278138,-0.0271848,
0.0056074,-0.00343823,0.0056074,-0.00343823,0.00135578,-0.00135578,-0.280214,-0.0256173,
0.00528406,-0.00324027,0.00528406,-0.00324027,0.00127889,-0.00127889,-0.282171,-0.0241402,
0.00497933,-0.00305371,0.00497933,-0.00305371,0.00120633,-0.00120633,-0.284014,-0.0227483,
0.00469216,-0.00287784,0.00469216,-0.00287784,0.00113788,-0.00113788,-0.285752,-0.0214367,
0.00442152,-0.00271203,0.00442152,-0.00271203,0.00107331,-0.00107331,-0.287389,-0.0202007,
0.00416649,-0.00255571,0.00416649,-0.00255571,0.00101239,-0.00101239,-0.288932,-0.0190359,
0.00392615,-0.00240835,0.00392615,-0.00240835,0.000954922,-0.000954922,-0.290386,-0.0179384,
0.00369968,-0.00226944,0.00369968,-0.00226944,0.000900713,-0.000900713,-0.291756,-0.0169042,
0.00348627,-0.00213851,0.00348627,-0.00213851,0.000849579,-0.000849579,-0.293047,-0.0159296,
0.00328518,-0.00201512,0.00328518,-0.00201512,0.000801345,-0.000801345,-0.294264,-0.0150112,
0.00309569,-0.00189883,0.00309569,-0.00189883,0.000755848,-0.000755848,-0.29541,-0.0141458,
0.00291713,-0.00178925,0.00291713,-0.00178925,0.000712932,-0.000712932,-0.296491,-0.0133303,
0.00274888,-0.001686,0.00274888,-0.001686,0.000672452,-0.000672452,-0.297509,-0.0125619,
0.00259034,-0.0015887,0.00259034,-0.0015887,0.00063427,-0.00063427,-0.298469,-0.0118377,
0.00244095,-0.00149703,0.00244095,-0.00149703,0.000598253,-0.000598253,-0.299373,-0.0111553,
0.00230018,-0.00141064,0.00230018,-0.00141064,0.000564281,-0.000564281,-0.300225,-0.0105123,
0.00216753,-0.00132925,0.00216753,-0.00132925,0.000532237,-0.000532237,-0.301028,-0.00990637,
0.00204253,-0.00125256,0.00204253,-0.00125256,0.00050201,-0.00050201,-0.301784,-0.00933535,
0.00192475,-0.0011803,0.00192475,-0.0011803,0.000473499,-0.000473499,-0.302497,-0.00879727,
0.00181376,-0.00111221,0.00181376,-0.00111221,0.000446606,-0.000446606,-0.303169,-0.00829021,
0.00170917,-0.00104805,0.00170917,-0.00104805,0.00042124,-0.00042124,-0.303803,-0.00781239,
0.00161061,-0.000987593,0.00161061,-0.000987593,0.000397313,-0.000397313,-0.304399,-0.00736212,
0.00151774,-0.000930626,0.00151774,-0.000930626,0.000374743,-0.000374743,-0.304962,-0.00693781,
0.00143023,-0.000876945,0.00143023,-0.000876945,0.000353455,-0.000353455,-0.305491,-0.00653796,
0.00134777,-0.000826363,0.00134777,-0.000826363,0.000333375,-0.000333375,-0.305991,-0.00616116,
0.00127006,-0.000778699,0.00127006,-0.000778699,0.000314435,-0.000314435,-0.306461,-0.00580609,
0.00119683,-0.000733786,0.00119683,-0.000733786,0.00029657,-0.00029657,-0.306905,-0.00547149,
0.00112783,-0.000691463,0.00112783,-0.000691463,0.000279719,-0.000279719,-0.307323,-0.00515618,
0.00106281,-0.000651583,0.00106281,-0.000651583,0.000263825,-0.000263825,-0.307717,-0.00485904,
0.00100154,-0.000614004,0.00100154,-0.000614004,0.000248834,-0.000248834,-0.308088,-0.00457904,
0.000943797,-0.000578592,0.000943797,-0.000578592,0.000234693,-0.000234693,-0.308438,-0.00431517,
0.000889388,-0.000545224,0.000889388,-0.000545224,0.000221355,-0.000221355,-0.308767,-0.00406652,
0.000838117,-0.000513781,0.000838117,-0.000513781,0.000208775,-0.000208775,-0.309078,-0.0038322,
0.000789803,-0.000484152,0.000789803,-0.000484152,0.000196909,-0.000196909,-0.30937,-0.00361138,
0.000744275,-0.000456232,0.000744275,-0.000456232,0.000185717,-0.000185717,-0.309646,-0.0034033,
0.000701372,-0.000429923,0.000701372,-0.000429923,0.00017516,-0.00017516,-0.309906,-0.00320721,
0.000660943,-0.000405132,0.000660943,-0.000405132,0.000165203,-0.000165203,-0.310151,-0.00302242,
0.000622846,-0.000381771,0.000622846,-0.000381771,0.000155812,-0.000155812,-0.310382,-0.00284828,
0.000586945,-0.000359757,0.000586945,-0.000359757,0.000146954,-0.000146954,-0.3106,-0.00268417,
0.000553114,-0.000339013,0.000553114,-0.000339013,0.000138599,-0.000138599,-0.310805,-0.00252953,
0.000521234,-0.000319466,0.000521234,-0.000319466,0.000130719,-0.000130719,-0.310998,-0.0023838,
0.000491193,-0.000301046,0.000491193,-0.000301046,0.000123286,-0.000123286,-0.31118,-0.00224646,
0.000462883,-0.000283689,0.000462883,-0.000283689,0.000116276,-0.000116276,-0.311351,-0.00211704,
0.000436205,-0.000267333,0.000436205,-0.000267333,0.000109663,-0.000109663,-0.311513,-0.00199508,
0.000411066,-0.00025192,0.000411066,-0.00025192,0.000103427,-0.000103427,-0.311666,-0.00188015,
0.000387376,-0.000237396,0.000387376,-0.000237396,9.75447e-05,-9.75447e-05,-0.311809,-0.00177184,
0.000365052,-0.00022371,0.000365052,-0.00022371,9.19968e-05,-9.19968e-05,-0.311945,-0.00166978,
0.000344014,-0.000210813,0.000344014,-0.000210813,8.6764e-05,-8.6764e-05,-0.312072,-0.00157359,
